text_a	label
太仓市经济开发区东泰皮革公司长年排放废气污染周边几个厂区的空气，空气里都是一股恶臭，多次举报至太仓环保局，东泰皮革厂并没有实质性的改变，这种恶臭不知会不会对人体有危害，希望这次能彻底处理一下，还我们一个良好的工作环境	tsdx-Btsdx-Itsdx-Itsdx-Itsdx-Itsdx-Itsdx-Itsdx-Itsdx-Itsdx-Itsdx-Itsdx-Itsdx-Itsdx-IOOwfss-Bwfss-Iwfss-Iwfss-IOOOOOOOOOshdx-Bshdx-IOOOOOOOOOOOOOOOOOOOOOOtsdx-Btsdx-Itsdx-Itsdx-Itsdx-IOOOOOOOOOOOOOOOOOOOOOOOOOOOOOOOOOOOOOOOOOOOOOOOOOO
瑞安罗阳大厦	LOC-BLOC-ILOC-BLOC-ILOC-ILOC-I
瑞安罗阳大厦	LOC-BLOC-ILOC-BLOC-ILOC-ILOC-I
中国东至	LOC-BLOC-Iv-Bv-I
13519149890	m-Bm-Im-Im-Im-Im-Im-Im-Im-Im-Im-I
联想b4400,,土巴兔装修问答	ORG-BORG-Ixc-Bm-Bm-Im-Im-Iw-Bw-Bnt-Bnt-Int-Ivn-Bvn-Ivn-Bvn-I
clerodendrum,clerodendrum,海州常山属	nz-Bnz-Inz-Inz-Inz-Inz-Inz-Inz-Inz-Inz-Inz-Inz-Iw-Bnz-Bnz-Inz-Inz-Inz-Inz-Inz-Inz-Inz-Inz-Inz-Inz-Iw-Bns-Bns-Ins-Bns-Iv-B
平凉分院秉承少年新闻学院严谨求实的办学宗旨,努力完善青少年媒介素养教育的教学工作,开创与公办学校联合,努力做好青少年媒介素养教育的普及工作.	ORG-BORG-IORG-IORG-IORG-IORG-IORG-IORG-IORG-IORG-IORG-IORG-Ia-Ba-Iv-Bv-Iu-Bvn-Bvn-In-Bn-Iw-Bad-Bad-Iv-Bv-In-Bn-In-In-Bn-In-Bn-Ivn-Bvn-Iu-Bvn-Bvn-In-Bn-Iw-Bv-Bv-Ip-Bnt-Bnt-Int-Int-Iv-Bv-Iw-Bad-Bad-Iv-Bv-In-Bn-In-In-Bn-In-Bn-Ivn-Bvn-Iu-Bvn-Bvn-In-Bn-Iw-B
龙龟能辅助么	PER-BPER-Iv-Bv-Bv-Ixc-B
不过,日前一项研究表明,这些雄性"滑头鱼"很可能聪明反被聪明误.	c-Bc-Iw-Bt-Bt-Im-Bm-Ivn-Bvn-Iv-Bv-Iw-Br-Br-In-Bn-Iw-Bn-Bn-In-Bw-Bd-Bv-Bv-Inw-Bnw-Inw-Inw-Inw-Inw-Inw-Iw-B
氧化镁价格,	n-Bn-In-In-Bn-Iw-B
黑皮乌砂含铁等杂质很多,即使其内有绿,决大多数为偏蓝的绿.	n-Bn-Ia-Bn-Bv-Bn-Bu-Bn-Bn-Ia-Ba-Iw-Bc-Bc-Ir-Bf-Bv-Ban-Bw-Bv-Bm-Bm-Im-Iv-Bd-Ba-Bu-Ban-Bw-B
selenium脚本基于谷歌	nz-Bnz-Inz-Inz-Inz-Inz-Inz-Inz-In-Bn-Iv-Bv-IORG-BORG-I
我是农历83年9月28日,老公是农历82年9月24,想要个马年宝宝好吗,如果要,什么月份比较好?	r-Bv-Bn-Bn-ITIME-BTIME-ITIME-ITIME-ITIME-ITIME-ITIME-ITIME-Iw-Bn-Bn-Iv-Bn-Bn-ITIME-BTIME-ITIME-ITIME-ITIME-ITIME-ITIME-Iw-Bv-Bv-Iq-Bn-Bn-In-Bn-Ia-Bxc-Bw-Bc-Bc-Iv-Bw-Br-Br-In-Bn-Ia-Ba-Ia-Iw-B
实际上,苹果这周对brian的推文还是有点回应的.	d-Bd-Id-Iw-BORG-BORG-ITIME-BTIME-Ip-BPER-BPER-IPER-IPER-IPER-Iu-Bvn-Bvn-Id-Bd-Id-Bd-Iv-Bv-Iu-Bw-B
假若内容有涉及侵权,请立即联络我们	c-Bc-In-Bn-Iv-Bv-Bv-Ivn-Bvn-Iw-Bv-Bd-Bd-Iv-Bv-Ir-Br-I
从10岁起受到启蒙教育,对文学产生了浓厚了兴趣.	p-Bm-Bm-Im-Iv-Bv-Bv-Ivn-Bvn-Ivn-Bvn-Iw-Bp-Bn-Bn-Iv-Bv-Iu-Ba-Ba-Iu-Bn-Bn-Iw-B
:罗斯科,阿伦	w-BPER-BPER-IPER-IPER-IPER-IPER-I
最新添加的服务实例将自动共享系统负载,几乎是立即共享	ad-Bad-Iv-Bv-Iu-Bvn-Bvn-In-Bn-Id-Bad-Bad-Iv-Bv-In-Bn-Ivn-Bvn-Iw-Bd-Bd-Iv-Bd-Bd-Iv-Bv-I
此前,真人版《银魂》第一部上映之后,观众们反响良好,电影票房也达到了30亿日元,是去年上映的真人版漫改电影中的票房第一位,这也让片方下定决心拍摄第二部,之前该片已经正式拍摄了.	t-Bt-Iw-Bn-Bn-In-Iw-Bnw-Bnw-Iw-Bm-Bm-Im-Iv-Bv-If-Bf-Iw-Bn-Bn-In-In-Bn-Ia-Ba-Iw-Bn-Bn-In-Bn-Id-Bv-Bv-Iu-Bm-Bm-Im-Im-Im-Iw-Bv-BTIME-BTIME-Iv-Bv-Iu-Bn-Bn-In-Iv-Bv-In-Bn-If-Bu-Bn-Bn-Im-Bm-Im-Iw-Br-Bd-Bv-Bn-Bn-Iv-Bv-Iv-Iv-Iv-Bv-Im-Bm-Im-Iw-Bf-Bf-Ir-Br-Id-Bd-Iad-Bad-Iv-Bv-Ixc-Bw-B
关于天气的英语ppt	p-Bp-In-Bn-Iu-Bn-Bn-Inz-Bnz-Inz-I
驱黎下台1923年6月,黎元洪复位一年之际,曹锟觉得应该让黎元洪下台,给自己腾地儿了.	nr-Bnr-Iv-Bv-ITIME-BTIME-ITIME-ITIME-ITIME-ITIME-ITIME-Iw-BPER-BPER-IPER-Iv-Bv-ITIME-BTIME-Iu-Bn-Bw-BPER-BPER-Iv-Bv-Iv-Bv-Iv-BPER-BPER-IPER-Iv-Bv-Iw-Bp-Br-Br-Iv-Bn-Bn-Ixc-Bw-B
以后讲吧@,@4,平地:按照以上方法很容易取胜!	f-Bf-Iv-Bxc-Bw-Bw-Bm-Bm-Iw-Bn-Bn-Iw-Bp-Bp-If-Bf-In-Bn-Iad-Bad-Iad-Iv-Bv-Iw-B
楼兰与汉朝和亲	LOC-BLOC-Ic-BTIME-BTIME-Iv-Bv-I
一般来讲,goto语句可以有两种用途	ad-Bad-Iv-Bv-Iw-Bn-Bn-In-In-In-Bn-Iv-Bv-Iv-Bm-Bm-In-Bn-I
iphone系统升级后看不到邮件里的照片,百度知道	nz-Bnz-Inz-Inz-Inz-Inz-In-Bn-If-Bf-If-Iv-Bv-Iv-In-Bn-If-Bu-Bn-Bn-Iw-Bnz-Bnz-Inz-Inz-I
sas如何看是否通过白噪声检验	nt-Bnt-Int-Ir-Br-Iv-Bv-Bv-Ip-Bp-Ia-Bn-Bn-Ivn-Bvn-I
因此实施本次重大资产购买后,本公司仍具备股票上市条件	c-Bc-Iv-Bv-Ir-Br-Ia-Ba-In-Bn-Ivn-Bvn-If-Bw-Bn-Bn-In-Id-Bv-Bv-In-Bn-Iv-Bv-In-Bn-I
你绝对没看过的爆笑作品,宋小宝宋晓峰乔杉爆笑小品《灰姑娘》!	r-Bd-Bd-Iv-Bv-Iv-Iu-Bvn-Bvn-In-Bn-Iw-BPER-BPER-IPER-IPER-BPER-IPER-IPER-BPER-Iv-Bv-In-Bn-Iw-Bnw-Bnw-Inw-Iw-Bw-B
穿衣的颜色搭配	v-Bv-Iu-Bn-Bn-Ivn-Bvn-I
可能一两场两场发挥不是很好,但是大家都想有好的表现,不要在意外界看法,大家都很努力."	v-Bv-Im-Bm-Im-Im-Bm-Iv-Bv-Iv-Bv-Ia-Ba-Iw-Bc-Bc-Ir-Br-Id-Bv-Bv-Ba-Bu-Bvn-Bvn-Iw-Bv-Bv-Iv-Bv-In-Bn-In-Bn-Iw-Br-Br-Id-Bd-Ba-Ba-Iw-Bw-B
商务参赞是什么级别	n-Bn-In-In-Iv-Br-Br-In-Bn-I
另有奶粉行业人士称.	v-Bv-In-Bn-In-Bn-In-Bn-Iv-Bw-B
分企业规模看,大型企业pmi为51.2%,比上月上升0.2个百分点,持续高于临界点;	v-Bn-Bn-In-Bn-Iv-Bw-Ba-Ba-In-Bn-In-Bn-In-Iv-Bm-Bm-Im-Im-Im-Iw-Bp-BTIME-BTIME-Iv-Bv-Im-Bm-Im-Im-In-Bn-In-Iw-Bvd-Bvd-Iv-Bv-In-Bn-In-Iw-B
从传统的以学校为主延伸到家庭,社会的格局逐步系统化地扩展到大学生政治社会化的所有主要渠道	p-Ba-Ba-Iu-Bp-Bn-Bn-Iv-Bv-Iv-Bv-Iv-Bn-Bn-Iw-Bn-Bn-Iu-Bn-Bn-Id-Bd-Iv-Bv-Iv-Iu-Bv-Bv-Iv-Bn-Bn-In-In-Bn-Ivn-Bvn-Ivn-Iu-Br-Br-Ia-Ba-In-Bn-I
乡村爱情9,没播完吗	n-Bn-In-Bn-Im-Bw-Bv-Bv-Bv-Bxc-B
对方不想,甚至,洪荒之力.	n-Bn-Id-Bv-Bw-Bd-Bd-Iw-Bn-Bn-Iu-Bn-Bw-B
他们的实践为进一步完善我国水坝安全管理体制,提高管理水平提供了很多有益的启示	r-Br-Iu-Bvn-Bvn-Ip-Bd-Bd-Id-Iv-Bv-Ir-Bn-Bn-Bn-Ian-Ban-Ivn-Bvn-In-Bn-Iw-Bv-Bv-Ivn-Bvn-In-Bn-Iv-Bv-Iu-Ba-Ba-Ia-Ba-Iu-Bvn-Bvn-I
truenod的贴吧	nz-Bnz-Inz-Inz-Inz-Inz-Inz-Iu-Bn-Bn-I
请问我动过心脏手术,现在还是肺动脉高压,能生小孩吗?	v-Bv-Ir-Bv-Bu-Bn-Bn-In-Bn-Iw-BTIME-BTIME-Iv-Bv-Inz-Bnz-Inz-Inz-Inz-Iw-Bv-Bv-Bn-Bn-Ixc-Bw-B
中国浙江巨科铝业有限公司,首页	ORG-BORG-IORG-IORG-IORG-IORG-IORG-IORG-IORG-IORG-IORG-IORG-Iw-Bn-Bn-I
下面采用该工具对本例进行方差分析	f-Bf-Iv-Bv-Ir-Bn-Bn-Ip-Br-Bn-Bv-Bv-Inz-Bnz-Inz-Inz-I
张彬彬生日	PER-BPER-IPER-In-Bn-I
独特的褐色眼睛,丰满的嘴唇和纤长的身材,兼具西方和东方的魅力,明朗的性格,可爱的外表,在作为演员出道前就已经获得很多粉丝的喜爱,看着又细又长的腿,真是让人羡慕!	a-Ba-Iu-Bn-Bn-In-Bn-Iw-Ba-Ba-Iu-Bn-Bn-Ic-Ba-Ba-Iu-Bn-Bn-Iw-Bv-Bv-Is-Bs-Ic-Bs-Bs-Iu-Bn-Bn-Iw-Ba-Ba-Iu-Bn-Bn-Iw-Ba-Ba-Iu-Bn-Bn-Iw-Bp-Bv-Bv-In-Bn-Iv-Bv-If-Bd-Bd-Bd-Iv-Bv-Ia-Ba-Inz-Bnz-Iu-Bvn-Bvn-Iw-Bv-Bv-Id-Ba-Bd-Ba-Bu-Bn-Bw-Bd-Bd-Iv-Bn-Bv-Bv-Iw-B
java编译打包jar	nz-Bnz-Inz-Inz-Iv-Bv-Iv-Bv-In-Bn-In-I
火狐,restclient,post,参数	n-Bn-Iw-Bxc-Bxc-Ixc-Ixc-Ixc-Bxc-Ixc-Ixc-Ixc-Ixc-Iw-Bxc-Bxc-Ixc-Ixc-Iw-Bn-Bn-I
1,硫酸根离子的检验:bacl2+na2so4=baso4↓+2nacl,2,碳酸根离子的检验:cacl2+na2co...	m-Bw-Bnz-Bnz-Inz-In-Bn-Iu-Bvn-Bvn-Iw-Bnz-Bnz-Inz-Inz-Inz-Iw-Bnz-Bnz-Inz-Inz-Inz-Inz-Iw-Bn-Bn-In-In-Im-Bw-Bw-Bm-Bm-Im-Im-Im-Iw-Bm-Bw-Bnz-Bnz-Inz-In-Bn-Iu-Bvn-Bvn-Iw-Bn-Bn-In-In-In-In-In-In-In-In-In-Iw-Bw-Bw-B
图解jvm在内存中申请对象及垃圾回收流程	n-Bn-Inz-Bnz-Inz-Ip-Bn-Bn-If-Bv-Bv-In-Bn-Ic-Bn-Bn-Ivn-Bvn-In-Bn-I
故事讲到这里似乎就是结束了,但事实上并没有.	n-Bn-Iv-Bv-Ir-Br-Id-Bd-Iv-Bv-Iv-Bv-Iv-Iw-Bc-Bd-Bd-Id-Iv-Bv-Iv-Iw-B
,《自然之力force,of,nature》第三集,上段,我的世界,gt凯麒,虎牙视频	w-Bw-Bnw-Bnw-Inw-Inw-Inw-Inw-Inw-Inw-Inw-Inw-Inw-Inw-Inw-Inw-Inw-Inw-Inw-Inw-Inw-Iw-Bm-Bm-Im-Iw-Bn-Bn-Iw-Bn-Bn-In-In-Iw-Bn-Bn-Iv-Bv-Iw-Bn-Bn-In-Bn-I
这种刀极为锋利,既是劳动工具,也是练功和自卫的武器	r-Br-In-Bd-Bd-Ia-Ba-Iw-Bv-Bv-Ivn-Bvn-In-Bn-Iw-Bv-Bv-Iv-Bv-Ic-Bv-Bv-Iu-Bn-Bn-I
说文解字,莜	v-Bv-Iv-Bv-Iw-Bn-B
一个要凭证据,非要见造石头狮子的人,一个也那不出任何能证明是人造的证据.	m-Bm-Iv-Bp-Bn-Bn-Iw-Bd-Bv-Bv-Bv-Bn-Bn-In-Bn-Iu-Bn-Bw-Bm-Bm-Id-Br-Bd-Bv-Br-Br-Iv-Bv-Bv-Iv-Ba-Ba-Iu-Bn-Bn-Iw-B
电视剧《天涯赤子心》拍摄花絮,音乐,高清视频,爱奇艺	n-Bn-In-Iw-Bnw-Bnw-Inw-Inw-Inw-Iw-Bv-Bv-In-Bn-Iw-Bn-Bn-Iw-Ba-Ba-In-Bn-Iw-Bnt-Bnt-Int-I
音羽レオン,122715,056	PER-BPER-IPER-IPER-IPER-Iw-Bnr-Bnr-Inr-Inr-Inr-Inr-Iw-Bm-Bm-Im-I
政府投资对经济的影响	n-Bn-Ivn-Bvn-Ip-Bn-Bn-Iu-Bvn-Bvn-I
yeti,sb5	nz-Bnz-Inz-Inz-Inz-Inz-Inz-Inz-I
原料:	n-Bn-Iw-B
广州湿法生产线	LOC-BLOC-In-Bn-In-Bn-In-I
iro羿龙行车记录仪	nz-Bnz-Inz-Inz-Bnz-Inz-Bnz-Inz-Inz-Inz-I
学校要贫困生出钱请领导吃饭,校长被撤职,资讯,高清视频,爱奇艺	n-Bn-Iv-Bn-Bn-In-Iv-Bv-Iv-Bn-Bn-Iv-Bv-Iw-Bn-Bn-Iv-Bv-Iv-Iw-Bn-Bn-Iw-Ba-Ba-In-Bn-Iw-Bnt-Bnt-Int-I
而cool1这款生态手机,无疑将成为乐视两年1亿部销量的排头兵.	c-Bnz-Bnz-Inz-Inz-Inz-Ir-Br-In-Bn-In-Bn-Iw-Bd-Bd-Id-Bv-Bv-IORG-BORG-ITIME-BTIME-Im-Bm-Im-In-Bn-Iu-Bn-Bn-In-Iw-B
个性化浏览器插件下载,兔槽浏览器插件,1.0.0.2,官方版,免费下载,,,维维软件园	vn-Bvn-Ivn-In-Bn-In-In-Bn-Ivn-Bvn-Iw-Bnz-Bnz-Inz-Inz-Inz-Inz-Inz-Iw-Bm-Bm-Im-Im-Im-Im-Im-Iw-Bn-Bn-In-Iw-Bvd-Bvd-Iv-Bv-Iw-Bw-Bw-BORG-BORG-In-Bn-In-I
昨天讲的笑话今天突然笑起来	TIME-BTIME-Iv-Bu-Bn-Bn-ITIME-BTIME-Iad-Bad-Iv-Bv-Iv-I
,pro6plus,刚更新了flyme6,微信通知变了,魅族吧,百度贴吧	w-Bnz-Bnz-Inz-Inz-Inz-Inz-Inz-Inz-Iw-Bd-Bv-Bv-Iu-Bnz-Bnz-Inz-Inz-Inz-Im-Bw-Bnz-Bnz-Iv-Bv-Iv-Bxc-Bw-Bnz-Bnz-Ixc-Bw-Bnz-Bnz-Inz-Inz-I
中班幼儿花儿朵朵开	n-Bn-In-Bn-Inz-Bnz-Inz-Inz-Inz-I
排风管和通风管道的区别,百度知道	v-Bn-Bn-Bc-Bn-Bn-In-In-Iu-Bn-Bn-Iw-Bnz-Bnz-Inz-Inz-I
他虽然很吃惊,但还是按了一下按钮	r-Bc-Bc-Id-Ba-Ba-Iw-Bc-Bd-Bd-Iv-Bu-Bm-Bm-In-Bn-I
,bt首发,我们毕业啦,2016.,bd,mkv,,中文字幕,,720p,谁要自己拿走,我们毕业啦吧,百度贴吧	w-Bnz-Bnz-Iv-Bv-Iw-Br-Br-Iv-Bv-Ixc-Bw-Bm-Bm-Im-Im-Iw-Bw-Bnz-Bnz-Iw-Bnz-Bnz-Inz-Iw-Bw-Bnz-Bnz-In-Bn-Iw-Bw-Bnz-Bnz-Inz-Inz-Iw-Br-Bv-Br-Br-Iv-Bv-Iw-Br-Br-Iv-Bv-Ixc-Bxc-Bw-Bnz-Bnz-Inz-Inz-I
中药芍药	n-Bn-In-Bn-I
那么我们可以做一种假设在所谓的症状出现之前,生活中发生了一些影响你的事情	c-Bc-Ir-Br-Iv-Bv-Iv-Bm-Bm-Ivn-Bvn-Ip-Bv-Bv-Iu-Bn-Bn-Iv-Bv-If-Bf-Iw-Bn-Bn-If-Bv-Bv-Iu-Bm-Bm-Iv-Bv-Ir-Bu-Bn-Bn-I
真果脆心意果脆礼盒	nr-Bnr-Inr-In-Bn-Ia-Ba-In-Bn-I
南阳猪仔	LOC-BLOC-In-Bn-I
伦敦奥运后之后,2013年,2015年两届世锦赛,他都是400米自由泳的王者.	ns-Bns-Inz-Bnz-If-Bf-Bf-Iw-BTIME-BTIME-ITIME-ITIME-ITIME-Iw-BTIME-BTIME-ITIME-ITIME-ITIME-Im-Bm-Inz-Bnz-Inz-Iw-Br-Bv-Bv-Im-Bm-Im-Im-In-Bn-In-Iu-Bn-Bn-Iw-B
煤矿行业项目建议书,,,豆丁网	n-Bn-In-Bn-In-Bn-In-Bn-In-Iw-Bw-Bw-Bnz-Bnz-Inz-I
2017年单片机安装与调试	TIME-BTIME-ITIME-ITIME-ITIME-In-Bn-In-Ivn-Bvn-Ic-Bvn-Bvn-I
同为地中海沿岸,这里的消费比对面的意大利便宜太多	d-Bv-BLOC-BLOC-ILOC-Is-Bs-Iw-Br-Br-Iu-Bvn-Bvn-Ip-Bf-Bf-Iu-BLOC-BLOC-ILOC-Iv-Bv-Ia-Ba-I
,百度知道,	w-Bnz-Bnz-Inz-Inz-Iw-B
2636次列车途经哪些站,百度知道	m-Bm-Im-Im-Im-In-Bn-Iv-Bv-Ir-Br-In-Bw-Bnz-Bnz-Inz-Inz-I
北京市高等教育自学考试人力资源管理专业(专科)考试计划(修订),百度文库	nz-Bnz-Inz-Inz-Inz-Inz-Inz-Inz-Inz-Inz-Inz-Inz-Bnz-Inz-Inz-Inz-Inz-Inz-Inz-Iw-Bn-Bn-Iw-Bvn-Bvn-In-Bn-Iw-Bvn-Bvn-Iw-Bw-Bnz-Bnz-Inz-Inz-I
天津师范大学到中北镇	ORG-BORG-IORG-IORG-IORG-IORG-Iv-BLOC-BLOC-ILOC-I
指隐藏着未被发现的人才,也指隐藏不露的人才.	v-Bv-Bv-Iu-Bd-Bp-Bv-Bv-Iu-Bn-Bn-Iw-Bd-Bv-Bv-Bv-Iv-Bv-Iu-Bn-Bn-Iw-B
轮岗交流任前谈话内容	vn-Bvn-Ivn-Bvn-Iv-Bf-Bvn-Bvn-In-Bn-I
柳琴戏,姊妹易嫁全集欣赏,综艺,高清视频,爱奇艺	nz-Bnz-Inz-Iw-Bn-Bn-Iv-Bv-In-Bn-Iv-Bv-Iw-Bn-Bn-Iw-Ba-Ba-In-Bn-Iw-Bnt-Bnt-Int-I
为什么动物有尾巴,法国,纳塔	r-Br-Ir-In-Bn-Iv-Bn-Bn-Iw-BLOC-BLOC-Iw-BLOC-BLOC-I
率土之滨四星国家队	v-Bv-Iv-Iv-In-Bn-In-Bn-In-I
白银松下空调销售	nz-Bnz-Inz-Bnz-Inz-Inz-Ivn-Bvn-I
标志对戒,标志对戒价格,优质标志对戒批发/采购,,,阿里巴巴	n-Bn-Iv-Bv-Iw-Bn-Bn-Ivn-Bvn-In-Bn-Iw-Ba-Ba-In-Bn-Ivn-Bvn-Ivn-Bvn-Iw-Bv-Bv-Iw-Bw-Bw-Bnt-Bnt-Int-Int-I
涵,是什么	nr-Bw-Bv-Br-Br-I
养老金大于工资的情况	n-Bn-In-Iv-Bv-In-Bn-Iu-Bn-Bn-I
外贸合同中的常见英语词汇	n-Bn-In-Bn-If-Bu-Ba-Ba-In-Bn-In-Bn-I
lg企业使命	ORG-BORG-In-Bn-In-Bn-I
未来代理创业新开店	t-Bt-Iv-Bv-Ivn-Bvn-Ivn-Bvn-In-B
smdadd136	nz-Bnz-Inz-Inz-Bnz-Inz-Inz-Inz-Inz-I
债券zg1509	n-Bn-In-Bn-Im-Bm-Im-Im-I
法术伤害和法伤结果	n-Bn-Ivn-Bvn-Ic-Bn-Bv-Bn-Bn-I
对属鼠的人来说与一个属鸡的人结婚是不明智的	p-Bv-Bn-Bu-Bn-Bv-Bv-Ip-Bm-Bm-Iv-Bn-Bu-Bn-Bv-Bv-Iv-Bd-Ba-Ba-Iu-B
当时国内驻唱文化刚刚兴起.	t-Bt-Is-Bs-Iv-Bv-In-Bn-Id-Bd-Iv-Bv-Iw-B
李晓东表示目前来看焦炭的趋势是向好的,钢厂库存压力减轻,贸易商看好春节后钢厂复产,加上3月下旬后钢厂限产结束,钢厂利润良好,焦炭日耗增加,开始积极采购囤货.	PER-BPER-IPER-Iv-Bv-It-Bt-Iv-Bv-In-Bn-Iu-Bn-Bn-Iv-Bvn-Bvn-Iu-Bw-Bn-Bn-Ivn-Bvn-In-Bn-Iv-Bv-Iw-Bn-Bn-In-Iv-Bv-ITIME-BTIME-If-Bn-Bn-Ivn-Bvn-Iw-Bv-Bv-ITIME-BTIME-ITIME-ITIME-If-Bn-Bn-Ivn-Bvn-Iv-Bv-Iw-Bn-Bn-In-Bn-Ia-Ba-Iw-Bn-Bn-In-Bv-Bv-Bv-Iw-Bv-Bv-Iad-Bad-Iv-Bv-Iv-Bv-Iw-B
,新浪新闻	w-Bnz-Bnz-In-Bn-I
lq,630k针式打印机怎么进纸	n-Bn-Iw-Bnz-Bnz-Inz-Inz-Inz-Inz-Inz-Inz-Inz-Ir-Br-Iv-Bv-I
如何将jdk的bin目录加入系统path环境变量	r-Br-Ip-Bnt-Bnt-Int-Iu-Bnz-Bnz-Inz-In-Bn-Iv-Bv-In-Bn-Inz-Bnz-Inz-Inz-Inz-Inz-Inz-Inz-I
,,,小米社区官方论坛	w-Bw-Bw-BORG-BORG-In-Bn-In-Bn-In-Bn-I
excel文件打开乱码	nw-Bnw-Inw-Inw-Inw-In-Bn-Iv-Bv-In-Bn-I
getapplicationcontext,getapplication	xc-Bxc-Ixc-Ixc-Bxc-Ixc-Ixc-Ixc-Ixc-Ixc-Ixc-Ixc-Ixc-Ixc-Ixc-Bxc-Ixc-Ixc-Ixc-Ixc-Ixc-Iw-Bnz-Bnz-Inz-Inz-Inz-Inz-Inz-Inz-Inz-Inz-Inz-Inz-Inz-Inz-I
优莱博f25,ma,技术指标	ORG-BORG-IORG-Ixc-Bm-Bm-Iw-Bnz-Bnz-Iw-Bn-Bn-In-Bn-I
熙熙女医	n-Bn-In-Bn-I
合同中有约定	n-Bn-If-Bv-Bvn-Bvn-I
中国男装10大品牌	LOC-BLOC-In-Bn-Im-Bm-Im-In-Bn-I
信阳段永刚	LOC-BLOC-IPER-BPER-IPER-I
瑞典多少人口	LOC-BLOC-Ir-Br-In-Bn-I
生物判断题,百度文库	n-Bn-Ivn-Bvn-In-Bw-Bnz-Bnz-Inz-Inz-I
寰枢外侧关节囊撕裂,,寰枢外侧关节囊撕裂,好大夫在线,智慧互联网医院网上咨询	PER-BPER-If-Bf-In-Bn-In-Bv-Bv-Iw-Bw-Bnr-Bnr-If-Bf-In-Bn-In-Bv-Bv-Iw-Bnz-Bnz-Inz-Inz-Inz-Iw-Bn-Bn-In-Bn-In-In-Bn-Is-Bs-Iv-Bv-I
第二,东方美学(对我们来说,着重于中国美学)和西方美学的融合	m-Bm-Iw-Bs-Bs-In-Bn-Iw-Bp-Br-Br-Iv-Bv-Iw-Bv-Bv-Ip-BLOC-BLOC-In-Bn-Iw-Bc-Bs-Bs-In-Bn-Iu-Bvn-Bvn-I
滁州市近期鸡蛋价格快速回升,,,三农资讯,,,安徽农网	LOC-BLOC-ILOC-It-Bt-In-Bn-In-Bn-Iad-Bad-Iv-Bv-Iw-Bw-Bw-BPER-BPER-In-Bn-Iw-Bw-Bw-Bnz-Bnz-Inz-Inz-I
你要看到我的美,我的才华,我的智慧,我的善良	r-Bv-Bv-Bv-Ir-Bu-Ban-Bw-Br-Bu-Bn-Bn-Iw-Br-Bu-Bn-Bn-Iw-Br-Bu-Ban-Ban-I
然而不王者翻译	c-Bc-Id-Bn-Bn-In-Bn-I
抠出一颗心来,在我心里,这句话运用了什么表现手法,百度作业帮	v-Bv-Bn-Bn-In-Iv-Bw-Bd-Bd-Id-Id-Iw-Br-Br-Ir-Iv-Bv-Iu-Br-Br-In-Bn-In-In-Iw-Bnz-Bnz-Inz-Inz-Inz-I
要lrc格式的.	v-Bnz-Bnz-Inz-In-Bn-Iu-Bw-B
否有pyfunt	d-Bv-Bn-Bn-In-In-In-In-I
project,for,mac教程	xc-Bxc-Ixc-Ixc-Ixc-Ixc-Ixc-Iw-Bxc-Bxc-Ixc-Iw-Bxc-Bxc-Ixc-In-Bn-I
丑化领导干部的形象,这岂不让民众对其他领导干部不信任了	v-Bv-In-Bn-In-In-Iu-Bn-Bn-Iw-Br-Bd-Bd-Iv-Bn-Bn-Ip-Br-Br-In-Bn-In-In-Id-Bv-Bv-Ixc-B
《laf景观设计学杂志,艺术设计期刊》,摘要,书评,试读,,,京东图书	w-Bnw-Bnw-Inw-Inw-Inw-Inw-Inw-Inw-In-Bn-Iw-Bn-Bn-Ivn-Bvn-In-Bn-Iw-Bw-Bn-Bn-Iw-Bn-Bn-Iw-Bv-Bv-Iw-Bw-Bw-Bnz-Bnz-In-Bn-I
共情未见txt	n-Bn-Iv-Bv-Inz-Bnz-Inz-I
让我们一起看看这个合成营长总结中说了些什么?	v-Br-Br-Id-Bd-Iv-Bv-Ir-Br-Ivn-Bvn-In-Bn-Ivn-Bvn-If-Bv-Bu-Bq-Br-Br-Iw-B
高一学生讲座	n-Bn-In-Bn-In-Bn-I
深海蓝鲔	nz-Bnz-Inz-Inz-I
公司专业生产销售防水堵漏材料,各种干粉砂浆材料	n-Bn-Iad-Bad-Iv-Bv-Iv-Bv-Ivn-Bvn-Ivn-Bvn-In-Bn-Iw-Br-Br-In-Bn-In-Bn-In-Bn-I
只见他挥起大笔,一首诗一挥而就	v-Bv-Ir-Bv-Bv-In-Bn-Iw-Bm-Bm-In-Bv-Bv-Iv-Iv-I
第三把:鬼彻一派从一代到三代的刀都很优秀,不过每一把都如妖魔般化身一样会被诅咒,难以被剑士操控,就算是著名的大剑豪也因为配备了这把妖刀鬼彻而丧命,到后来根本没有剑士敢用鬼彻,直到遇上了索隆这把刀才真正的选对了主人,小漫觉得这把妖刀确实很符合索隆的气质.	m-Bm-Im-Iw-Bn-Bv-Bm-Bm-IORG-BORG-Iv-Bv-Bm-Bm-Iu-Bn-Bd-Bd-Ba-Ba-Iw-Bc-Bc-Ir-Bm-Bm-Id-Bv-Bn-Bn-Iu-Bn-Bn-Ia-Ba-Iv-Bp-Bv-Bv-Iw-Bd-Bd-Ip-Bn-Bn-Iv-Bv-Iw-Bd-Bd-Iv-Ba-Ba-Iu-Ba-Bn-Bn-Id-Bp-Bp-Iv-Bv-Iu-Br-Bq-Bn-Bn-In-Bn-Ic-Bv-Bv-Iw-Bp-Bt-Bt-Id-Bd-Iv-Bv-In-Bn-Iv-Bp-Bn-Bn-Iw-Bp-Bp-Iv-Bv-Iu-BPER-BPER-Ir-Bq-Bn-Bd-Ba-Ba-Iu-Bv-Bp-Bu-Bn-Bn-Iw-Bnr-Bnr-Iv-Bv-Ir-Bq-BPER-BPER-Id-Bd-Id-Bv-Bv-IPER-BPER-Iu-Bn-Bn-Iw-B
jbl,bt无线耳机多少钱啊	nz-Bnz-Inz-Iw-Bn-Bn-Ia-Ba-In-Bn-Ir-Br-In-Bxc-B
python结果换行	nz-Bnz-Inz-Inz-Inz-Inz-In-Bn-Ivn-Bvn-I
冲绳结伴	LOC-BLOC-Iv-Bv-I
广东省深圳市龙岗区环城路华为荔枝苑西区东门安朴逸城酒店	LOC-BLOC-ILOC-ILOC-BLOC-ILOC-ILOC-ILOC-ILOC-ILOC-BLOC-ILOC-IORG-BORG-IORG-IORG-IORG-IORG-IORG-IORG-IORG-IORG-IORG-IORG-IORG-IORG-IORG-I
金馆长恩shabi的表情	PER-BPER-IPER-Inr-Bnr-Inr-Inr-Inr-Inr-Iu-Bn-Bn-I
3d一族	nz-Bnz-Inz-Inz-I
但是能省钱的地方他还是尽可能地省.	c-Bc-Iv-Bv-Bv-Iu-Bn-Bn-Ir-Bd-Bd-Iv-Bv-Iv-Iu-Bv-Bw-B
三邦车视频保姆	ORG-BORG-In-Bn-Bn-In-Bn-I
hpb,endnote	nz-Bnz-Inz-Inz-Inz-Inz-Inz-Inz-Inz-Inz-Inz-I
意大利综合类股银行股指数收跌4.10%,报7758.71点.	LOC-BLOC-ILOC-Inz-Bnz-Inz-Inz-Inz-Inz-Inz-In-Bn-Iv-Bv-Im-Bm-Im-Im-Im-Iw-Bv-Bm-Bm-Im-Im-Im-Im-Im-Im-Iw-B
下课玩耍场景的四格漫画图片	v-Bv-Iv-Bv-In-Bn-Iu-Bnz-Bnz-Inz-Inz-In-Bn-I
该群里的学员表示已经取消了原来的预订.	r-Bn-Bf-Bu-Bn-Bn-Iv-Bv-Id-Bd-Iv-Bv-Iu-Ba-Ba-Iu-Bvn-Bvn-Iw-B
在此之前,董明珠在接受南方日报记者专访时曾透露,目前格力手机每天生产几千台,并且也都卖出去了.	t-Bt-It-It-Iw-BPER-BPER-IPER-Ip-Bv-Bv-Int-Bnt-Int-Int-In-Bn-Iv-Bv-In-Bd-Bv-Bv-Iw-Bt-Bt-Int-Bnt-In-Bn-ITIME-BTIME-Iv-Bv-Im-Bm-Im-Iw-Bc-Bc-Id-Bd-Bv-Bv-Iv-Ixc-Bw-B
邱艳天天读好书	PER-BPER-Iq-Bq-Iv-Bn-Bn-I
2016年缅甸新任总统的名字	TIME-BTIME-ITIME-ITIME-ITIME-ILOC-BLOC-Ia-Ba-In-Bn-Iu-Bn-Bn-I
秦观的"山抹微云,天粘衰草"是取"抹","粘"的动作勾画出的线条轮廓	PER-BPER-Iu-Bw-Bnw-Bnw-Inw-Inw-Iw-Bn-Bv-Bn-Bn-Iw-Bv-Bv-Bw-Bvn-Bw-Bw-Bw-Bvn-Bw-Bu-Bn-Bn-Iv-Bv-Iv-Bu-Bn-Bn-In-Bn-I
蹄字开头的成语	n-Bn-Bn-Bn-Iu-Bn-Bn-I
北京源源红建筑工程有限公司,010	ORG-BORG-IORG-IORG-IORG-IORG-IORG-IORG-IORG-IORG-IORG-IORG-IORG-Iw-Bm-Bm-Im-I
严克斌	PER-BPER-IPER-I
《谋杀似水年华》上映baby阮经天自曝青春爱情,煮鹤琴	w-Bnw-Bnw-Inw-Inw-Inw-Inw-Iw-Bv-Bv-In-Bn-In-In-IPER-BPER-IPER-Id-Bv-Bn-Bn-In-Bn-Iw-Bv-Bv-Bv-I
,百度知道	w-Bnz-Bnz-Inz-Inz-I
圈的生存	n-Bu-Bvn-Bvn-I
sqlserver连接oracle11	nz-Bnz-Inz-Inz-Inz-Inz-Inz-Inz-Inz-Iv-Bv-Int-Bnt-Int-Int-Int-Int-Im-Bm-I
我社也可代办,费用另计	n-Bn-Id-Bv-Bv-Bv-Iw-Bn-Bn-Id-Bv-B
庄河市年轻副市长李博	LOC-BLOC-ILOC-Ia-Ba-In-Bn-In-IPER-BPER-I
周二(5月15日),美元兑日元汇率触及2月以来的最高点.	TIME-BTIME-Iw-BTIME-BTIME-ITIME-ITIME-ITIME-Iw-Bw-Bnt-Bnt-Int-Int-Int-In-Bn-Iv-Bv-ITIME-BTIME-ITIME-ITIME-Iu-Bn-Bn-In-Iw-B
第一批新能源汽车推广目录	m-Bm-Im-IORG-BORG-IORG-IORG-IORG-Ivn-Bvn-In-Bn-I
库存纺织品	n-Bn-In-Bn-In-I
8月10日上午11点多,从湖南老家出发的蒋某父母在坐了一夜火车后,冒雨来到东莞市第二人民法院执行局.	TIME-BTIME-ITIME-ITIME-ITIME-ITIME-ITIME-ITIME-ITIME-ITIME-Im-Bw-Bp-BORG-BORG-IORG-IORG-Iv-Bv-Iu-BPER-BPER-In-Bn-Ip-Bv-Bu-BTIME-BTIME-In-Bn-If-Bw-Bv-Bv-Iv-Bv-IORG-BORG-IORG-IORG-IORG-IORG-IORG-IORG-IORG-IORG-IORG-IORG-Iw-B
清楚textarea基础样式	v-Bv-Inz-Bnz-Inz-Inz-Inz-Inz-Inz-Inz-In-Bn-In-Bn-I
首先,蒙古人骑兵很厉害,战马也非常适合马战.	r-Br-Iw-Bnz-Bnz-Inz-In-Bn-Ia-Ba-Ia-Iw-Bn-Bn-Id-Bd-Bd-Iv-Bv-Inr-Bnr-Iw-B
农民人均纯收入2115元,农民收入以种养殖业等为主.	n-Bn-Iv-Bv-In-Bn-In-Im-Bm-Im-Im-Im-Iw-Bn-Bn-In-Bn-Ip-Bvn-Bn-Bn-In-Iu-Bv-Bv-Iw-B
噬黑素细胞与皮肤病,,《辽宁医学杂志》2000年01期,	v-Bnz-Bnz-Inz-Inz-Ic-Bnz-Bnz-Inz-Iw-Bw-Bw-Bnw-Bnw-Inw-Inw-Inw-Inw-Iw-BTIME-BTIME-ITIME-ITIME-ITIME-Im-Bm-Im-Iw-B
衣柜,放哪里	n-Bn-Iw-Bv-Br-Br-I
而在奔驰a级的宣传中,看到它的发动机也是1.4t的,这和宝马1系1.5t的发动机还有有一些差距的.	c-Bp-Bnz-Bnz-Inz-Inz-Iu-Bvn-Bvn-If-Bw-Bv-Bv-Ir-Bu-Bn-Bn-In-Iv-Bv-Im-Bm-Im-Im-Iu-Bw-Br-Bc-Bnz-Bnz-Inz-Inz-Im-Bm-Im-Im-Iu-Bn-Bn-In-Iv-Bv-Iv-Bm-Bm-In-Bn-Iu-Bw-B
炒米和锅贴	n-Bn-Ic-Bn-Bn-I
京山轻机,重组,2017	ORG-BORG-IORG-IORG-Iw-Bv-Bv-Iw-Bm-Bm-Im-Im-I
2011年国家自然基金获得者名录--哈尔滨医科大学.xls,淘豆网	TIME-BTIME-ITIME-ITIME-ITIME-Inz-Bnz-Inz-Inz-Inz-Inz-In-Bn-In-In-Bn-Iw-Bw-BORG-BORG-IORG-IORG-IORG-IORG-IORG-Iw-Bnz-Bnz-Inz-Iw-Bnz-Bnz-Inz-I
四天要过两个情人节,你有什么计划?	TIME-BTIME-Iv-Bv-Bm-Bm-ITIME-BTIME-ITIME-Iw-Br-Bv-Br-Br-In-Bn-Iw-B
争吵的小诗	v-Bv-Iu-Bn-Bn-I
攻击炽热七角紫水晶与洪门耀眼七角红玉	vn-Bvn-Ia-Ba-Im-Bm-Ia-Bn-Bn-Ip-BORG-BORG-Ia-Ba-Im-Bm-IPER-BPER-I
国家队集训中球技精湛的李明2008年北京奥运会国内圣火传递大连第74棒火炬手.	n-Bn-In-Ivn-Bvn-If-Bn-Bn-Ia-Ba-Iu-BPER-BPER-It-Bt-It-It-It-Inz-Bnz-Inz-Inz-Inz-Is-Bs-In-Bn-Iv-Bv-ILOC-BLOC-Im-Bm-Im-Im-In-Bn-In-Iw-B
首保邀约什么时候比较合适	n-Bn-Iv-Bv-Ir-Br-Ir-Ir-Id-Bd-Ia-Ba-I
频繁采购产品招标时间	ad-Bad-Iv-Bv-In-Bn-Ivn-Bvn-In-Bn-I
苏州园区物流,普	LOC-BLOC-ILOC-ILOC-In-Bn-Iw-Ba-B
,我想发个邮件,(跪求,现在没有金币给您,下回一定),百度知道	w-Br-Bv-Bv-Bq-Bn-Bn-Iw-Bw-Bv-Bv-Iw-BTIME-BTIME-Iv-Bv-In-Bn-Ip-Br-Bw-Br-Br-Ia-Ba-Iw-Bw-Bnz-Bnz-Inz-Inz-I
王婆炒鱼,菏泽	LOC-BLOC-ILOC-ILOC-Iw-BLOC-BLOC-I
朗法师,双亲	a-Bn-Bn-Iw-Bn-Bn-I
他很得意,灰猫和自己感情到底深哪,连休息都喜欢尽可能地靠近了他	r-Bd-Ba-Ba-Iw-BPER-BPER-Ic-Br-Br-In-Bn-Id-Bd-Ia-Br-Bw-Bd-Bv-Bv-Id-Bv-Bv-Iv-Bv-Iv-Iu-Bv-Bv-Iu-Br-B
我想修改自己的qq资料,但提示说个人信息有受限词语,请检查所有项目.	r-Bv-Bv-Bv-Ir-Br-Iu-Bnz-Bnz-In-Bn-Iw-Bc-Bv-Bv-Iv-Bn-Bn-In-Bn-Iv-Bv-Bv-In-Bn-Iw-Bv-Bv-Bv-Ir-Br-In-Bn-Iw-B
尚晓云当即承诺,自己先来陪老人过夜,让老人放宽心	PER-BPER-IPER-Id-Bd-Iv-Bv-Iw-Br-Br-Id-Bv-Bv-Bn-Bn-Iv-Bv-Iw-Bv-Bn-Bn-Iv-Bv-Bv-I
至于吃力地亲自将婴儿配方奶粉背回国的那些代购,他们正在养成申报带回多少货物的习惯--否则将面临罚款.	p-Bp-Id-Bd-Id-Id-Bd-Ip-Bn-Bn-In-Bn-In-Bn-Iv-Bv-Bv-Iu-Br-Br-Iv-Bv-Iw-Br-Br-Id-Bd-Iv-Bv-Iv-Bv-Iv-Bv-Ir-Br-In-Bn-Iu-Bn-Bn-Iw-Bw-Bc-Bc-Id-Bv-Bv-Ivn-Bvn-Iw-B
教辅编辑培训	n-Bn-In-Bn-Ivn-Bvn-I
他回了信,说要等我们备好货再付款	r-Bv-Bu-Bn-Bw-Bv-Bv-Bv-Br-Br-Iv-Ba-Bn-Bd-Bv-Bv-I
目前你只是检查弧菌的总量,而没有检测每种弧菌具体数量	TIME-BTIME-Ir-Bd-Bd-Iv-Bv-In-Bn-Iu-Bn-Bn-Iw-Bc-Bv-Bv-Iv-Bv-Ir-Bq-Bn-Bn-Ia-Ba-In-Bn-I
hranvy,3534的微博,微博	nr-Bnr-Inr-Inr-Inr-Inr-Iw-Bm-Bm-Im-Im-Iu-Bnz-Bnz-Iw-Bnz-Bnz-I
450702身份证	nz-Bnz-Inz-Inz-Inz-Inz-In-Bn-In-I
奇葩男用"宝贝球"捕捉美女	n-Bn-Iv-Bv-Iw-Bn-Bn-In-Bw-Bv-Bv-In-Bn-I
并得到众多大中型电子商务企业的一致认可.	c-Bv-Bv-Im-Bm-Ia-Ba-Ia-In-Bn-In-In-In-Bn-Iu-Ba-Ba-Ivn-Bvn-Iw-B
应用随机过程教程	nz-Bnz-Inz-Inz-Inz-Inz-In-Bn-I
2017年新的小说	TIME-BTIME-ITIME-ITIME-ITIME-Ia-Bu-Bn-Bn-I
华为5x全网通怎么卡刷,root教程	ORG-BORG-Inz-Bnz-Inz-Inz-Inz-Ir-Br-Iv-Bv-Iw-Bn-Bn-In-In-In-Bn-I
习惯是一个人意识和观念的长时间积累和浸润的结果,习惯一旦形成,就会对人的行为产生强大的控制力	n-Bn-Iv-Bn-Bn-In-In-Bn-Ic-Bn-Bn-Iu-Bn-Bn-In-Ivn-Bvn-Ic-Bvn-Bvn-Iu-Bn-Bn-Iw-Bn-Bn-Id-Bd-Iv-Bv-Iw-Bv-Bv-Ip-Bn-Bu-Bn-Bn-Iv-Bv-Ia-Ba-Iu-Bvn-Bvn-In-B
佲,行楷,字体	v-Bw-Bn-Bn-Iw-Bn-Bn-I
无终,歌词	v-Bv-Iw-Bn-Bn-I
2017年司法鉴定,新旧标准的衔接	TIME-BTIME-ITIME-ITIME-ITIME-In-Bn-Ivn-Bvn-Iw-Ba-Ba-In-Bn-Iu-Bvn-Bvn-I
在直播的新鲜模式和轻松气氛下,韩老师终于有机会爆出在肚子里憋了很多年的猛料,让直播观众们纷纷在弹幕里大呼畅快.	p-Bv-Bv-Iu-Ba-Ba-In-Bn-Ic-Ba-Ba-In-Bn-If-Bw-BPER-BPER-IPER-Id-Bd-Iv-Bn-Bn-Iv-Bv-Ip-Bn-Bn-If-Bv-Bu-Bm-Bm-Im-Iu-Bn-Bn-Iw-Bv-Bvn-Bvn-In-Bn-In-Id-Bd-Ip-Bn-Bn-If-Bv-Bv-Ian-Ban-Iw-B
《韩国顶尖术士高手drakedog视频》更新至drakedog7,,,verycd电驴大全	w-BLOC-BLOC-Ia-Ba-In-Bn-In-Bn-Inz-Bnz-Inz-Inz-Inz-Inz-Inz-Inz-In-Bn-Iw-Bv-Bv-Ip-Bv-Bv-Iv-Iv-Iv-Iv-Iv-Iv-Im-Bw-Bw-Bw-Bnz-Bnz-Inz-Inz-Inz-Inz-Inz-Inz-Inz-Inz-I
excelgest,输入身份证自动显示男女	nz-Bnz-Inz-Inz-Inz-In-Bn-In-In-Iw-Bv-Bv-In-Bn-In-Iad-Bad-Iv-Bv-In-Bn-I
北京修伊兰特修配厂集中在什么地方,百度知道	LOC-BLOC-Iv-Bnz-Bnz-Inz-Ivn-Bvn-Bn-Bv-Bv-Ip-Br-Br-In-Bn-Iw-Bnz-Bnz-Inz-Inz-I
试用申请表,百度文库	vn-Bvn-In-Bn-In-Iw-Bnz-Bnz-Inz-Inz-I
今天本来是要去买d7100的,瞬间被洗脑就换了d610,,,中关村在线摄影论坛	TIME-BTIME-Id-Bd-Iv-Bv-Bv-Bv-Bnz-Bnz-Inz-Inz-Inz-Iu-Bw-Bt-Bt-Ip-Bv-Bv-Id-Bv-Bu-Bn-Bn-In-In-Iw-Bw-Bw-Bnz-Bnz-Inz-Inz-Inz-Ivn-Bvn-In-Bn-I
空气开关如何试验	n-Bn-In-Bn-Ir-Br-Iv-Bv-I
唐明皇李隆基颜值不知咋样,杨贵妃呼为三郎,看来是在向美男看齐.	PER-BPER-IPER-IPER-BPER-IPER-In-Bn-Iv-Bv-Ir-Br-Iw-BPER-BPER-IPER-Iv-Bv-Bm-Bm-Iw-Bvd-Bvd-Iv-Bp-Bp-Bn-Bn-Iv-Bv-Iw-B
84261852	v-Bv-Iv-Iv-Iv-Iv-Iv-Iv-I
dabster,dank	PER-BPER-IPER-IPER-IPER-IPER-IPER-IPER-IPER-IPER-IPER-IPER-I
固原宝发农牧有限责任公司	ORG-BORG-IORG-IORG-IORG-IORG-IORG-IORG-IORG-IORG-IORG-IORG-I
某兴趣小组长拟选用如下装置制备氢化钙	r-Bn-Bn-In-Bn-In-Iv-Bv-Bv-Ivn-Bvn-In-Bn-Iv-Bv-Inz-Bnz-Inz-I
战地4草错	nz-Bnz-Inz-In-Bv-B
,百度知道	w-Bnz-Bnz-Inz-Inz-I
site:www.51ape.com,good,for,you	n-Bn-In-In-Iw-Bm-Bm-Im-Im-Im-Im-Im-Im-Im-Im-Im-Im-Im-Iw-Bxc-Bxc-Ixc-Ixc-Iw-Bxc-Bxc-Ixc-Iw-Bxc-Bxc-Ixc-I
但是在近代科学还没有诞生以前就有的那些古老的科学,如天文学和医学,仍然带着各自的,深刻的文化烙印	c-Bc-Ip-BTIME-BTIME-In-Bn-Iv-Bv-Iv-Iv-Bv-If-Bf-Id-Bv-Bu-Br-Br-Ia-Ba-Iu-Bn-Bn-Iw-Bv-Bn-Bn-In-Ic-Bn-Bn-Iw-Bd-Bd-Iv-Bu-Br-Br-Iu-Bw-Ba-Ba-Iu-Bn-Bn-In-Bn-I
陆游是哪个朝代的人	PER-BPER-Iv-Br-Br-In-Bn-Iu-Bn-B
其实,这是某些人对于"中国""全国""中华"等等字眼的迷恋造成的.	d-Bd-Iw-Br-Bv-Br-Br-In-Bp-Bp-Iw-BLOC-BLOC-Iw-Bw-Bn-Bn-Iw-Bw-BORG-BORG-Iw-Bu-Bu-In-Bn-Iu-Bvn-Bvn-Iv-Bv-Iu-Bw-B
?	w-B
美国轰炸叙利亚!	LOC-BLOC-Iv-Bv-ILOC-BLOC-ILOC-Iw-B
http://www.445373.com/	nw-Bnw-Inw-Inw-Inw-Inw-Inw-Inw-Inw-Inw-Inw-Inw-Inw-Inw-Inw-Inw-Inw-Inw-Inw-Inw-Inw-Iw-B
之后男方便会向女方家里送去聘礼,两家选择良辰吉日之后便会成亲.	f-Bf-Ia-Ban-Ban-Iv-Bp-Bn-Bn-Is-Bs-Iv-Bv-Bn-Bn-Iw-Bm-Bm-Iv-Bv-Iv-Bv-Iv-Iv-If-Bf-Id-Bv-Bv-Bv-Iw-B
凡是真正现实主义的作品,一定具有民族气派	d-Bd-Ia-Ba-Inz-Bnz-Inz-Inz-Iu-Bn-Bn-Iw-Bd-Bd-Iv-Bv-In-Bn-In-Bn-I
征求意见稿规范了网络预约出租汽车运营相关的术语和定义,明确了网络预约出租汽车的经营者,运输车辆,驾驶员等的基本要求,对网络预约出租汽车经营者和驾驶员的服务流程分别进行了界定,对特殊情况的处理以及服务评价与投诉处理进行了规范.	vn-Bvn-In-Bn-In-Iv-Bv-Iu-Bn-Bn-Iv-Bv-In-Bn-In-In-Iv-Bv-Iv-Bv-Iu-Bn-Bn-Ic-Bn-Bn-Iw-Bv-Bv-Iu-Bn-Bn-Iv-Bv-In-Bn-In-In-Iu-Bn-Bn-In-Iw-Bvn-Bvn-In-Bn-Iw-Bn-Bn-In-Iu-Bu-Ba-Ba-In-Bn-Iw-Bp-Bn-Bn-Iv-Bv-In-Bn-In-In-In-Bn-In-Ic-Bn-Bn-In-Iu-Bvn-Bvn-In-Bn-Id-Bd-Iv-Bv-Iu-Bvn-Bvn-Iw-Bp-Ba-Ba-In-Bn-Iu-Bvn-Bvn-Ic-Bc-Ivn-Bvn-Ivn-Bvn-Ic-Bvn-Bvn-Ivn-Bvn-Iv-Bv-Iu-Bvn-Bvn-Iw-B
职业生涯规划,金融	n-Bn-In-In-In-Bn-Iw-Bn-Bn-I
彩票返点9怎么计算	n-Bn-Ivn-Bvn-Im-Br-Br-Iv-Bv-I
浙江新型全钢丝葡萄架	LOC-BLOC-Ia-Ba-Ia-Bn-Bn-In-Bn-In-I
把这些人集中在一个教室,你可想而知我们的班主任多么可怜了	p-Bn-Bn-In-Iv-Bv-Ip-Bm-Bm-In-Bn-Iw-Br-Bv-Bv-Iv-Iv-Ir-Br-Iu-Bn-Bn-In-Id-Bd-Ia-Ba-Ixc-B
我小时候用眉笔在眼皮上画,那时候不注意,长大之后慢慢注意起我的双眼皮上总是有一道深深的线,一睁眼就,百度知道	r-Bt-Bt-It-Ip-Bn-Bn-Ip-Bn-Bn-If-Bn-Bw-Br-Br-Ir-Id-Bv-Bv-Iw-Bv-Bv-If-Bf-Id-Bd-Iv-Bv-Iv-Br-Bu-Bn-Bn-In-If-Bd-Bd-Iv-Bm-Bm-Ia-Ba-Iu-Bn-Bw-Bd-Bv-Bv-Id-Bw-Bnz-Bnz-Inz-Inz-I
asicsonitsuka,tiger	nz-Bnz-Inz-Inz-Inz-Inz-Bnz-Inz-Inz-Inz-Inz-Inz-Inz-Inz-Inz-Inz-Inz-Inz-Inz-I
桌子,折叠,后备箱	n-Bn-Iw-Bv-Bv-Iw-Bn-Bn-In-I
4g上行下行速率	m-Bm-Ivn-Bvn-Ivn-Bvn-In-Bn-I
中山古镇到海口物流专线	LOC-BLOC-ILOC-ILOC-Ip-BLOC-BLOC-In-Bn-In-Bn-I
《戚继光》,第4集,夜袭倭,动漫,高清视频,爱奇艺	w-Bnw-Bnw-Inw-Iw-Bw-Bm-Bm-Im-Iw-Bv-Bv-In-Bw-Bn-Bn-Iw-Ba-Ba-In-Bn-Iw-Bnt-Bnt-Int-I
宠物狗狗厕所怎么自制?	n-Bn-In-Bn-In-Bn-Ir-Br-Iv-Bv-Iw-B
分析人士普遍认为,虽然美国经济复苏力度并不强劲,但耶伦的表态意味着美联储很可能在今年内上调一次基准利率.	vn-Bvn-In-Bn-Iad-Bad-Iv-Bv-Iw-Bc-Bc-ILOC-BLOC-Ivn-Bvn-Ivn-Ivn-In-Bn-Id-Bd-Ia-Ba-Iw-Bc-BPER-BPER-Iu-Bvn-Bvn-Iv-Bv-Iv-IORG-BORG-IORG-Id-Bv-Bv-Ip-BTIME-BTIME-ITIME-Iv-Bv-Im-Bm-In-Bn-In-Bn-Iw-B
提醒大家,这一段是全剧最尴尬的部分,基本上所有人都有尬演的感觉!	v-Bv-Ir-Br-Iw-Br-Bm-Bm-Iv-Bn-Bn-Id-Ba-Ba-Iu-Bn-Bn-Iw-Bd-Bd-Id-Ir-Br-Ir-Id-Bv-Bn-Bv-Bu-Bn-Bn-Iw-B
骆秉章是一个言而无信的小人,他不但杀掉了石达开,而且将其部下两千余将士全部杀害.	PER-BPER-IPER-Iv-Bm-Bm-Iv-Bv-Iv-Iv-Iu-Bn-Bn-Iw-Br-Bd-Bc-Bv-Bv-Bu-BPER-BPER-IPER-Iw-Bc-Bc-Ip-Br-Bn-Bn-Im-Bm-Im-In-Bn-In-Bn-Iv-Bv-Iw-B
这丫头身上怎么还有僵尸的气味	r-Bn-Bn-Is-Bs-Ir-Br-Iv-Bv-In-Bn-Iu-Bn-Bn-I
0317,3053655	m-Bm-Im-Im-Iw-Bm-Bm-Im-Im-Im-Im-Im-I
酸奶机里做出来的酸奶保质期多久,百度宝宝知道	n-Bn-In-If-Bv-Bv-Bv-Iu-Bn-Bn-In-Bn-In-Ir-Br-Iw-Bnt-Bnt-In-Bn-Iv-Bv-I
不多也不少的事例	d-Ba-Bd-Ba-Ba-Iu-Bn-Bn-I
光耀荷兰小城别墅,互动百科,	LOC-BLOC-ILOC-ILOC-ILOC-ILOC-ILOC-ILOC-Iw-Bnz-Bnz-Inz-Inz-Iw-B
北京北京凯德mall.翠微路,北京北京凯德mall.太阳宫,北京北京凯德晶品购物中心,北京北京凯德mall.西直门,北京北京凯德mall.大峡谷,北京内蒙古呼和浩特凯德mall.赛罕,呼和浩特天津天津天津国际贸易购物中心天津凯德mall.天津湾,天津黑龙江哈尔滨凯德广场.埃德蒙顿,哈尔滨哈尔滨凯德广场.学府,哈尔滨辽宁大连凯德和平广场,大连山东日照凯德广场.日照河南安阳凯德广场.北关,安阳郑州凯德广场.金水,郑州湖北武汉凯德广场.武胜,武汉武汉凯德广场.1818,武汉湖南长沙凯德广场.雨花亭,长沙益阳凯德广场.桃花仓,益阳江西南昌凯德广场.城南苑,南昌重庆重庆凯德广场.九龙坡,重庆重庆凯德广场.沙坪坝,重庆陕西西安凯德广场.新地城,西安四川成都成都来福士成都凯德广场.金牛,成都成都凯德广场.沙湾,成都德阳凯德广场.德阳,德阳绵阳凯德广场.涪城,绵阳宜宾凯德广场.南岸,宜宾成都凯德广场.魅力城,成都成都凯德.天府安徽芜湖凯德广场.芜湖扬州扬州凯德广场.扬州上海上海凯德龙之梦虹口上海上海来福士上海凯德龙之梦闵行上海凯德七宝购物广场浙江宁波宁波来福士福建漳州凯德广场.漳州泉州凯德广场.泉州广东东莞凯德广场·东莞肇庆凯德广场·肇庆南海凯德广场·南海茂名凯德广场·茂名湛江凯德广场·湛江广州凯德广场·云尚	ns-Bns-ILOC-BLOC-IORG-BORG-In-Bn-In-In-Iw-Bns-Bns-Ins-Iw-Bns-Bns-ILOC-BLOC-IORG-BORG-In-Bn-In-In-Iw-Bns-Bns-Ins-Iw-Bns-Bns-ILOC-BLOC-ILOC-ILOC-ILOC-ILOC-ILOC-ILOC-ILOC-ILOC-Iw-Bns-Bns-ILOC-BLOC-IORG-BORG-In-Bn-In-In-Iw-BLOC-BLOC-ILOC-Iw-Bns-Bns-ILOC-BLOC-IORG-BORG-In-Bn-In-In-Iw-BLOC-BLOC-ILOC-Iw-BLOC-BLOC-ILOC-BLOC-ILOC-ILOC-BLOC-ILOC-ILOC-IORG-BORG-In-Bn-In-In-Iw-Bnr-Bnr-Iw-BORG-BORG-IORG-IORG-IORG-IORG-IORG-IORG-IORG-IORG-IORG-IORG-IORG-IORG-IORG-IORG-IORG-IORG-ILOC-BLOC-IORG-BORG-In-Bn-In-In-Iw-BLOC-BLOC-ILOC-Iw-BLOC-BLOC-ILOC-BLOC-ILOC-ILOC-BLOC-ILOC-ILOC-BLOC-ILOC-ILOC-Iw-BLOC-BLOC-ILOC-ILOC-Iw-BLOC-BLOC-ILOC-ILOC-BLOC-ILOC-ILOC-BLOC-ILOC-ILOC-Iw-Bn-Bn-Iw-BLOC-BLOC-ILOC-Ins-Bns-ILOC-BLOC-IORG-BORG-ILOC-BLOC-ILOC-ILOC-Iw-BLOC-BLOC-ILOC-BLOC-ILOC-BLOC-ILOC-ILOC-ILOC-ILOC-Iw-Bv-Bv-Ins-Bns-ILOC-BLOC-ILOC-ILOC-ILOC-ILOC-Iw-BLOC-BLOC-Iw-BLOC-BLOC-ILOC-BLOC-ILOC-BLOC-ILOC-ILOC-Iw-Bn-Bn-Iw-BLOC-BLOC-ILOC-BLOC-ILOC-BLOC-ILOC-BLOC-ILOC-ILOC-Iw-BLOC-BLOC-Iw-BLOC-BLOC-ILOC-BLOC-ILOC-BLOC-ILOC-ILOC-Iw-Bm-Bm-Im-Im-Iw-BLOC-BLOC-ILOC-BLOC-ILOC-BLOC-ILOC-BLOC-ILOC-ILOC-Iw-BLOC-BLOC-ILOC-Iw-BLOC-BLOC-ILOC-BLOC-ILOC-BLOC-ILOC-ILOC-Iw-Bnz-Bnz-Inz-Iw-BLOC-BLOC-ILOC-BLOC-ILOC-BLOC-ILOC-BLOC-ILOC-ILOC-Iw-Bn-BLOC-BLOC-Iw-BLOC-BLOC-Ins-Bns-ILOC-BLOC-ILOC-ILOC-ILOC-ILOC-Iw-BLOC-BLOC-ILOC-Iw-Bns-Bns-ILOC-BLOC-ILOC-ILOC-ILOC-ILOC-Iw-BLOC-BLOC-ILOC-Iw-BLOC-BLOC-ILOC-BLOC-ILOC-BLOC-ILOC-BLOC-ILOC-ILOC-Iw-Bns-Bns-Ins-Iw-BORG-BORG-IORG-IORG-IORG-IORG-IORG-IORG-IORG-IORG-IORG-IORG-IORG-IORG-IORG-In-Bn-Iw-Bnz-Bnz-Iw-Bns-Bns-ILOC-BLOC-ILOC-ILOC-ILOC-ILOC-Iw-BLOC-BLOC-Iw-BLOC-BLOC-ILOC-BLOC-ILOC-BLOC-ILOC-ILOC-Iw-BLOC-BLOC-Iw-BLOC-BLOC-ILOC-BLOC-ILOC-ILOC-ILOC-ILOC-Iw-BLOC-BLOC-Iw-BLOC-BLOC-ILOC-BLOC-ILOC-ILOC-ILOC-ILOC-Iw-Bs-Bs-Iw-BLOC-BLOC-ILOC-BLOC-ILOC-ILOC-ILOC-ILOC-Iw-Bn-Bn-In-Bw-Bns-Bns-Ins-Bns-Int-Bnt-Iw-Bns-Bns-Ins-Bns-ILOC-BLOC-ILOC-ILOC-ILOC-ILOC-Iw-BLOC-BLOC-ILOC-BLOC-ILOC-BLOC-ILOC-BLOC-ILOC-ILOC-Iw-BLOC-BLOC-ILOC-BLOC-IORG-BORG-IORG-IORG-IORG-IORG-IORG-IORG-IORG-IORG-IORG-IORG-IORG-IORG-IORG-IORG-ILOC-BLOC-ILOC-BLOC-ILOC-ILOC-ILOC-ILOC-BLOC-ILOC-BLOC-ILOC-BLOC-ILOC-ILOC-ILOC-ILOC-ILOC-ILOC-ILOC-BLOC-ILOC-BLOC-ILOC-BLOC-IORG-BORG-IORG-ILOC-BLOC-ILOC-BLOC-ILOC-ILOC-ILOC-ILOC-Iw-BLOC-BLOC-ILOC-BLOC-ILOC-ILOC-ILOC-ILOC-Iw-BLOC-BLOC-ILOC-BLOC-ILOC-BLOC-ILOC-ILOC-ILOC-ILOC-Iw-BLOC-BLOC-ILOC-BLOC-ILOC-ILOC-ILOC-ILOC-Iw-BLOC-BLOC-ILOC-BLOC-ILOC-ILOC-ILOC-ILOC-ILOC-ILOC-ILOC-ILOC-BLOC-Int-Bnt-In-Bn-Iw-BLOC-BLOC-ILOC-BLOC-ILOC-ILOC-ILOC-ILOC-Iw-BLOC-BLOC-ILOC-BLOC-ILOC-ILOC-ILOC-ILOC-Iw-BORG-BORG-I
top3,妲己妲己就是典型的二三一连招或者二一三,基本出了三神装的妲己见到脆皮就是秒(看发育,最好猥琐一阵再打,二技能不要急着放,万一对方刺客切入时,直接一套干掉.	nr-Bnr-Inr-Inr-Iw-Bnr-Bnr-Inr-Bnr-Iv-Bv-Ia-Ba-Iu-Bm-Bm-Im-In-Bn-Ic-Bc-Im-Bm-Im-Iw-Bd-Bd-Iv-Bu-Bm-Bn-Bv-Bu-BPER-BPER-Iv-Bv-In-Bn-Iv-Bv-Iq-Bw-Bv-Bvn-Bvn-Iw-Bd-Bd-Ia-Ba-Im-Bm-Id-Bv-Bw-Bm-Bn-Bn-Iv-Bv-Iv-Bu-Bv-Bw-Bd-Bd-In-Bn-In-Bn-Iv-Bv-In-Bw-Bad-Bad-Im-Bm-Iv-Bv-Iw-B
jntianyumihuangqin	nr-Bnr-Inr-Inr-Inr-Inr-Inr-Inr-Inr-Inr-Iv-Bv-Iv-Iv-Iv-Iv-Iv-Iv-I
上海惠亚高架地板	LOC-BLOC-Ins-Bns-In-Bn-In-Bn-I
fortran,怎么确定公共区	nz-Bnz-Inz-Inz-Inz-Inz-Inz-Iw-Br-Br-Iv-Bv-Ia-Ba-In-B
黄金黄金涨跌互现	n-Bn-In-Bn-Iv-Bv-Iv-Iv-I
卓尔发展武汉有限公司	ORG-BORG-IORG-IORG-IORG-IORG-IORG-IORG-IORG-IORG-I
中国有广阔的市场和稳定的政治环境,有能力带领其他国家,特别是金砖国家和发展中国家制定新政策,助推经济增长.	LOC-BLOC-Iv-Ba-Ba-Iu-Bn-Bn-Ic-Ba-Ba-Iu-Bn-Bn-In-Bn-Iw-Bv-Bn-Bn-Iv-Bv-Ir-Br-In-Bn-Iw-Bd-Bd-Iv-Bnz-Bnz-Inz-Inz-Ic-Bvn-Bvn-If-Bn-Bn-Iv-Bv-Ia-Bn-Bn-Iw-Bv-Bv-Ivn-Bvn-Ivn-Ivn-Iw-B
三驴友踏春抄小路迷路,民警苦寻3小时成功营救,宁波广电网	m-Bn-Bn-Iv-Bv-Iv-Bn-Bn-Iv-Bv-Iw-Bn-Bn-Iad-Bv-BTIME-BTIME-ITIME-Iad-Bad-Iv-Bv-Iw-Bnz-Bnz-Inz-Inz-Inz-I
梦见牙断了牙根还在	v-Bv-In-Bv-Bv-In-Bn-Iv-Bv-I
,陆风x7,2015款,陆风x7,2.0t,全景旗舰版精美图,58车	w-Bnz-Bnz-Inz-Inz-Iw-Bm-Bm-Im-Im-Im-Iw-Bnz-Bnz-Inz-Inz-Iw-Bm-Bm-Im-Im-Iw-Bn-Bn-In-Bn-In-Ia-Ba-In-Bw-Bm-Bm-In-B
二是"图纸"没问题,但造的时候"偷工减料"或因受到干扰,导致胎儿发育有缺陷;	m-Bv-Bw-Bn-Bn-Iw-Bv-Bv-Iv-Iw-Bc-Bv-Bu-Bn-Bn-Iw-Bv-Bv-Iv-Iv-Iw-Bc-Bp-Bv-Bv-Ivn-Bvn-Iw-Bv-Bv-In-Bn-Ivn-Bvn-Iv-Bn-Bn-Iw-B
白萝卜有什么秘招	n-Bn-In-Iv-Br-Br-In-Bn-I
金辉淮安二期最新房价	nr-Bnr-ILOC-BLOC-ILOC-ILOC-Ia-Ba-In-Bn-I
苏炳添为何接连爆发?	PER-BPER-IPER-Ir-Br-Id-Bd-Iv-Bv-Iw-B
练伪声中还在抽烟..,伪声吧,百度贴吧	v-Bn-Bn-If-Bd-Bd-Iv-Bv-Iw-Bw-Bw-Bv-Bv-Ixc-Bw-Bnz-Bnz-Inz-Inz-I
哪家快递晚上取件	r-Br-In-Bn-ITIME-BTIME-Iv-Bv-I
,请问h(t)的傅里叶变换怎么求?,百度作业帮	w-Bv-Bv-Ixc-Bw-Bxc-Bw-Bu-Bnz-Bnz-Inz-Inz-Inz-Ir-Br-Iv-Bw-Bw-Bnz-Bnz-Inz-Inz-Inz-I
卷千里	n-Bm-Bm-I
人们应该记得,"双11"的"学名"叫做双11网络购物狂欢节,电商制造节日或者炒作节日的重点,其实就在于构筑一种网络狂欢的氛围.	n-Bn-Iv-Bv-Iv-Bv-Iw-Bw-Bnz-Bnz-Inz-Iw-Bu-Bw-Bn-Bn-Iw-Bv-Bv-Inz-Bnz-Inz-In-Bn-Iv-Bv-In-Bn-In-Iw-Bn-Bn-Iv-Bv-In-Bn-Ic-Bc-Iv-Bv-In-Bn-Iu-Bn-Bn-Iw-Bd-Bd-Id-Bv-Bv-Iv-Bv-Im-Bm-In-Bn-Iv-Bv-Iu-Bn-Bn-Iw-B
明源任云峰	n-Bn-IPER-BPER-IPER-I
公司名称地址负责人北京添翼行科技有限公司北京市平谷区建设西街20号楼15门于凤强	n-Bn-In-Bn-In-Bn-In-Bn-In-IORG-BORG-IORG-IORG-IORG-IORG-IORG-IORG-IORG-IORG-IORG-ILOC-BLOC-ILOC-ILOC-ILOC-ILOC-ILOC-BLOC-ILOC-ILOC-ILOC-ILOC-ILOC-ILOC-Im-Bm-Im-Inr-Bnr-Inr-I
oppo官网的找回手机	ORG-BORG-IORG-IORG-In-Bn-Iu-Bv-Bv-In-Bn-I
及主要因公司于2015年4月至2016年1月期间内发行贷款票据而导致融资成本增加1100万港元至约1130万港元.	c-Bad-Bad-Ip-Bn-Bn-Ip-BTIME-BTIME-ITIME-ITIME-ITIME-ITIME-ITIME-Iv-BTIME-BTIME-ITIME-ITIME-ITIME-ITIME-ITIME-ITIME-ITIME-If-Bv-Bv-In-Bn-In-Bn-Ic-Bv-Bv-Ivn-Bvn-In-Bn-Iv-Bv-Im-Bm-Im-Im-Im-In-Bn-Iv-Bd-Bm-Bm-Im-Im-Im-In-Bn-Iw-B
有关割jj漫画	v-Bv-Iv-Bnz-Bnz-In-Bn-I
经常见但没有深交的成语	d-Bd-Iv-Bc-Bv-Bv-Iv-Bv-Iu-Bn-Bn-I
,发起挑战,	w-Bv-Bv-Ivn-Bvn-Iw-B
天刀2016怜花宝藏地点	nz-Bnz-Inz-Inz-Inz-Inz-Inz-Inz-Inz-Inz-In-Bn-I
市鉴定科科长	n-Bvn-Bvn-In-Bn-Bn-I
仅比较中,小企业,两数据走势仍然不同	d-Bvn-Bvn-If-Bw-Ba-Bn-Bn-Iw-Bm-Bn-Bn-In-Bn-Id-Bd-Ia-Ba-I
天天酷跑q小益配超单组合评测~,游戏,高清视频,爱奇艺	nt-Bnt-Int-Int-Int-Int-Int-Int-Int-Int-Int-Int-Iv-Bv-Iw-Bw-Bn-Bn-Iw-Ba-Ba-In-Bn-Iw-Bnt-Bnt-Int-I
脑里塞	n-Bf-Bv-B
dword,ulong	nz-Bnz-Inz-Inz-Inz-Inz-Inz-Inz-Inz-Inz-Inz-I
优秀供应商推介,境外跨国石油公司供应商	a-Ba-In-Bn-In-Iv-Bv-Iw-Bs-Bs-IORG-BORG-IORG-IORG-IORG-IORG-In-Bn-In-I
她还是抱有幻想,那男的解释他哥们酒量不行,喝高了才有点失态	r-Bd-Bd-Iv-Bv-In-Bn-Iw-Br-Ba-Bu-Bv-Bv-Ir-Bn-Bn-In-Bn-Ia-Ba-Iw-Bv-Bv-Iv-Id-Bd-Bd-Iv-Bv-I
优秀的孩子烦恼多作文400字	a-Ba-Iu-Bn-Bn-Ia-Ba-Ia-Bn-Bn-Im-Bm-Im-In-B
ds6改装氙气大灯(海拉6+欧司朗cbh+法雷奥安定器)!	nz-Bnz-Inz-Iv-Bv-Inz-Bnz-In-Bn-Iw-Bnr-Bnr-Im-Bw-BORG-BORG-IORG-Inz-Bnz-Inz-Inz-IORG-BORG-IORG-In-Bn-In-Iw-Bw-B
全新设计的空气动力学套件将使新一代cx,5的空气动力学表现更加优秀,燃油经济性也有望明显提升.	a-Ba-Ivn-Bvn-Iu-Bn-Bn-In-Bn-In-In-Bn-Iv-Bv-In-Bn-In-In-In-Iw-Bm-Bu-Bn-Bn-In-Bn-In-Ivn-Bvn-Id-Bd-Ia-Ba-Iw-Bn-Bn-In-Bn-In-Iv-Bv-Iv-Ba-Ba-Ivn-Bvn-Iw-B
贴身保卫毛主席5年,,退伍后低调清贫,,晚年只有一个心愿	vd-Bvd-Iv-Bv-IPER-BPER-IPER-ITIME-BTIME-Iw-Bw-Bv-Bv-If-Ba-Ba-Ia-Ba-Iw-Bw-Bt-Bt-Iv-Bv-Im-Bm-In-Bn-I
大开色戒(forbidden,sins),,,剧情简介,,,电影预告片,,,电影海报,,,电影,,,verycd电驴大全	nw-Bnw-Inw-Inw-Iw-Bn-Bn-In-In-In-In-In-In-In-Iw-Bn-Bn-In-In-Iw-Bw-Bw-Bw-Bn-Bn-In-Bn-Iw-Bw-Bw-Bn-Bn-In-Bn-In-Iw-Bw-Bw-Bn-Bn-In-Bn-Iw-Bw-Bw-Bn-Bn-Iw-Bw-Bw-Bnz-Bnz-Inz-Inz-Inz-Inz-Inz-Inz-Inz-Inz-I
峨眉山面积	LOC-BLOC-ILOC-In-Bn-I
只知饮水,不知补盐.	d-Bv-Bn-Bn-Iw-Bv-Bv-Iv-Bn-Bw-B
德州扑克主桌	nz-Bnz-Inz-Inz-In-Bn-I
斯太尔m5g牵引车产品介绍/图片配置	nz-Bnz-Inz-Inz-Bnz-Inz-In-Bn-In-In-Bn-Ivn-Bvn-Iw-Bn-Bn-Ivn-Bvn-I
后来在自己的巢穴里,把玩家虐得不要不要的!	t-Bt-Ip-Br-Br-Iu-Bn-Bn-If-Bw-Bp-Bn-Bn-Iv-Bu-Bv-Bv-Iv-Iv-Iu-Bw-B
中国科学院机构知识库网格(cas,ir,grid):,王存玉当选美国国家医学院院士	ORG-BORG-IORG-IORG-IORG-In-Bn-In-Bn-In-In-Bn-Iw-Bxc-Bxc-Ixc-Iw-Bxc-Bxc-Iw-Bxc-Bxc-Ixc-Ixc-Iw-Bw-Bw-BPER-BPER-IPER-Iv-Bv-IORG-BORG-IORG-IORG-IORG-IORG-IORG-In-Bn-I
,桃胶雪莲子银耳汤(高压锅版)的做法,桃胶雪莲子银耳汤(高压锅版)怎么做,桃胶雪莲子银耳汤(高压锅版)的家常做法,下厨房	w-Bn-Bn-Inz-Bnz-Inz-Inz-Bnz-Inz-Iw-Bn-Bn-In-In-Iw-Bu-Bn-Bn-Iw-Bn-Bn-Inz-Bnz-Inz-Inz-Bnz-Inz-Iw-Bn-Bn-In-In-Iw-Br-Br-Iv-Bw-Bn-Bn-Inz-Bnz-Inz-Inz-Bnz-Inz-Iw-Bn-Bn-In-In-Iw-Bu-Bn-Bn-In-Bn-Iw-Bf-Bn-Bn-I
公积金账号+7205	n-Bn-In-In-Bn-Iw-Bm-Bm-Im-Im-I
经过二年多考古发掘,先后发掘了一,二号汉墓.	p-Bp-Im-Bm-Im-Bvn-Bvn-Ivn-Ivn-Iw-Bd-Bd-Iv-Bv-Iu-Bm-Bm-Im-Im-In-Bn-Iw-B
谢信健	PER-BPER-IPER-I
大连石灰石矿搬迁最新	LOC-BLOC-In-Bn-In-In-Bv-Bv-Ia-Ba-I
某人冷眼无视,领着掉进污水里的猫咪去清洗	r-Br-In-Bn-Iv-Bv-Iw-Bv-Bu-Bv-Bv-In-Bn-If-Bu-Bn-Bn-Iv-Bv-Bv-I
,飞华健康问答	w-Bnr-Bnr-Ia-Ba-Ivn-Bvn-I
叛谍追击2	nw-Bnw-Inw-Inw-Inw-I
然后又找摸奖的人,按商店价格买下了这部自行车	c-Bc-Id-Bv-Bv-Bv-Iu-Bn-Bw-Bp-Bn-Bn-In-Bn-Iv-Bv-Bu-Br-Br-In-Bn-In-I
"气功大师"王林今晨心脏骤停,仍在抢救中,原创,高清视频,爱奇艺	w-Bn-Bn-In-Bn-Iw-BPER-BPER-It-Bt-Inz-Bnz-Inz-Inz-Iw-Bd-Bp-Bvn-Bvn-If-Bw-Bv-Bv-Iw-Ba-Ba-In-Bn-Iw-Bnt-Bnt-Int-I
黑手党2扩展包,位置	nz-Bnz-Inz-Inz-Iv-Bv-In-Bw-Bn-Bn-I
他们只能通过手语与人进行沟通	r-Br-Iv-Bv-Ip-Bp-In-Bn-Ip-Bn-Bv-Bv-Ivn-Bvn-I
phase,started	nz-Bnz-Inz-Inz-Inz-Inz-Inz-Inz-Inz-Inz-Inz-Inz-Inz-I
233网校槐俊升老师:2014年《中级经济基础》试题及答案,中级经济师,233网校	m-Bm-Im-In-Bn-IPER-BPER-IPER-In-Bn-Iw-BTIME-BTIME-ITIME-ITIME-ITIME-Iw-Bnw-Bnw-Inw-Inw-Inw-Inw-Iw-Bn-Bn-Ic-Bn-Bn-Iw-Ba-Ba-In-Bn-In-Iw-Bm-Bm-Im-In-Bn-I
,,,微口网	w-Bw-Bw-Ba-Bn-Bn-B
有女不凡txt,久久	v-Bv-Iv-Iv-In-Bn-In-Iw-Ba-Ba-I
红斑狼疮病人能吃史克肠虫清吗?	nz-Bnz-Inz-Inz-In-Bn-Iv-Bv-Bnz-Bnz-Inz-Inz-Inz-Ixc-Bw-B
目神迷	n-Bn-Bn-I
王哲林表示奥运村比自己想象中的要好多了.	PER-BPER-IPER-Iv-Bv-ILOC-BLOC-ILOC-Ip-Br-Br-Ivn-Bvn-If-Bu-Bv-Ba-Ba-Ixc-Bw-B
应急预案动态管理	vn-Bvn-In-Bn-In-Bn-Ivn-Bvn-I
拥有世界最高峰的防御力,可以同时对抗海量敌方机体的同时进攻.	v-Bv-In-Bn-In-Bn-In-Iu-Bn-Bn-In-Iw-Bv-Bv-In-Bn-Iv-Bv-In-Bn-In-Bn-In-Bn-Iu-Bn-Bn-Iv-Bv-Iw-B
部分基金今年涨幅超80%,,中国经济网--国家经济门户	n-Bn-In-Bn-ITIME-BTIME-In-Bn-Iv-Bm-Bm-Im-Iw-Bw-Bnz-Bnz-Inz-Inz-Inz-Iw-Bw-Bn-Bn-In-Bn-In-Bn-I
汉白玉在地下埋久了,挖出后水泡洗怎么表面的纹饰脱落呀!	nz-Bnz-Inz-Ip-Bs-Bs-Iv-Ba-Bxc-Bw-Bv-Bv-If-Bn-Bn-Iv-Br-Br-In-Bn-Iu-Bn-Bn-Iv-Bv-Ixc-Bw-B
网架的焊缝等级	n-Bn-Iu-Bn-Bn-In-Bn-I
java,,,no,empty,constructor,when,create,a,service,,,stack,overflow	nz-Bnz-Inz-Inz-Iw-Bw-Bw-Bxc-Bxc-Iw-Bxc-Bxc-Ixc-Ixc-Ixc-Iw-Bxc-Bxc-Ixc-Ixc-Ixc-Ixc-Ixc-Ixc-Ixc-Ixc-Ixc-Iw-Bxc-Bxc-Ixc-Ixc-Iw-Bxc-Bxc-Ixc-Ixc-Ixc-Ixc-Iw-Bxc-Bw-Bxc-Bxc-Ixc-Ixc-Ixc-Ixc-Ixc-Iw-Bw-Bw-Bnz-Bnz-Inz-Inz-Inz-Inz-Inz-Inz-Inz-Inz-Inz-Inz-Inz-Inz-I
早在2014年一季度,安邦保险首次出手买入金融街,而2014年年报显示,安邦系的合计持股达20%,截至2015年底安邦系持股比例增至25%.	d-Bp-BTIME-BTIME-ITIME-ITIME-ITIME-ITIME-BTIME-ITIME-Iw-BORG-BORG-IORG-IORG-Im-Bm-Iv-Bv-Iv-Bv-ILOC-BLOC-ILOC-Iw-Bc-BTIME-BTIME-ITIME-ITIME-ITIME-In-Bn-Iv-Bv-Iw-BORG-BORG-IORG-Iu-Bvn-Bvn-Ivn-Bvn-Iv-Bm-Bm-Im-Iw-Bv-Bv-ITIME-BTIME-ITIME-ITIME-ITIME-ITIME-Inr-Bnr-Iv-Bvn-Bvn-In-Bn-Iv-Bv-Im-Bm-Im-Iw-B
推荐:更多精彩关注,,闽西日报微信公众号,,,,闽西日报新龙岩app	vn-Bvn-Iw-Ba-Ba-Ia-Ba-Iv-Bv-Iv-Bv-Inz-Bnz-Inz-Inz-Inz-Bnz-Inz-Inz-Inz-Iw-Bw-Bv-Bv-Int-Bnt-Int-Int-Ia-BLOC-BLOC-Inz-Bnz-Inz-I
背诵李白诗词好吗	v-Bv-IPER-BPER-In-Bn-Ia-Bxc-B
10007,大学	m-Bm-Im-Im-Im-Iw-Bn-Bn-I
佛鲨250	n-Bn-Bm-Bm-Im-I
牧树人2016春装新款男装,潮流休闲韩版男士夹克外套男,男式型男上装,薄衣服,1236,黑色普通,l,图片,价格,品牌,报价,,京东	PER-BPER-IPER-Im-Bm-Im-Im-In-Bn-In-Bn-In-Bn-Iw-Bn-Bn-Iv-Bv-In-Bn-In-Bn-In-Bn-In-Bn-Ia-Bw-Ba-Ba-In-Bn-In-Bn-Iw-Ba-Bn-Bn-Iw-Bm-Bm-Im-Im-Iw-Bn-Bn-Ia-Ba-Iw-Bxc-Bw-Bn-Bn-Iw-Bn-Bn-Iw-Bn-Bn-Iw-Bv-Bv-Iw-Bw-BORG-BORG-I
中国海洋大学食品科学与工程学院笔试食品化学	ORG-BORG-IORG-IORG-IORG-IORG-IORG-IORG-IORG-IORG-IORG-IORG-IORG-IORG-IORG-In-Bn-In-Bn-In-Bn-I
另一方面,城市在户籍,住房,医疗,子女上学,养老等方面的公共服务供给暂时还满足不了他们的所有愿望	c-Bc-Ic-Ic-Iw-Bn-Bn-Ip-Bn-Bn-Iw-Bn-Bn-Iw-Bn-Bn-Iw-Bn-Bn-Ivn-Bvn-Iw-Bvn-Bvn-Iu-Bn-Bn-Iu-Ba-Ba-Ivn-Bvn-Ivn-Bvn-Id-Bd-Id-Bv-Bv-Id-Bu-Br-Br-Iu-Br-Br-In-Bn-I
玉山世锦赛杨帆杰森	LOC-BLOC-Inz-Bnz-Inz-IPER-BPER-IPER-IPER-I
重庆人爱摆龙门阵,江津人更不例外,爱把自豪的故事说与后人听,逢年过节时更是如此.	n-Bn-In-Iv-Bnz-Bnz-Inz-Inz-Iw-BLOC-BLOC-In-Bd-Bd-Bv-Bv-Iw-Bv-Bp-Ba-Ba-Iu-Bn-Bn-Iv-Bp-Bn-Bn-Iv-Bw-Bv-Bv-Iv-Iv-In-Bd-Bv-Br-Br-Iw-B
tojsonstring,mybatis,stackoverflowerror	xc-Bxc-Ixc-Ixc-Ixc-Ixc-Ixc-Bxc-Ixc-Ixc-Ixc-Ixc-Iw-Bxc-Bxc-Ixc-Ixc-Ixc-Ixc-Ixc-Iw-Bxc-Bxc-Ixc-Ixc-Ixc-Ixc-Bxc-Ixc-Ixc-Ixc-Ixc-Ixc-Ixc-Ixc-Bxc-Ixc-Ixc-Ixc-I
"	w-B
迈克尔,杰克逊的儿女为什么是白人	PER-BPER-IPER-IPER-IPER-IPER-IPER-Iu-Bn-Bn-Ir-Br-Ir-Iv-Bn-Bn-I
饮食不要过咸,保证蛋白质和维生素的摄入.	n-Bn-Iv-Bv-Id-Ba-Bw-Bv-Bv-Inz-Bnz-Inz-Ic-Bn-Bn-In-Iu-Bvn-Bvn-Iw-B
在日常生活中我们大多数人都是离不开米饭,米饭也是我国小可爱们喜爱的主食之一,吃饭是件很重要的事情,许多的小可爱们可能觉得一碗米饭果腹足矣,却不知道米饭有着不同的做法,加材料不一样,吃后对我们的身体也是有着不一样的效果,给人带来的口感,给味蕾带来不一样的感受.	p-Bn-Bn-In-In-If-Br-Br-Im-Bm-Im-In-Bv-Bv-Iv-Bv-Iv-In-Bn-Iw-Bn-Bn-Iv-Bv-Ir-Bn-Ba-Bn-Bn-In-Iv-Bv-Iu-Bn-Bn-Iu-Bm-Bw-Bvn-Bvn-Iv-Bq-Ba-Ba-Ia-Iu-Bn-Bn-Iw-Bm-Bm-Iu-Ba-Bn-Bn-In-Iv-Bv-Iv-Bv-Im-Bm-In-Bn-Iv-Bv-Iv-Bv-Iw-Bd-Bv-Bv-Iv-In-Bn-Iv-Bv-Ia-Ba-Iu-Bn-Bn-Iw-Bv-Bn-Bn-Ia-Ba-Ia-Iw-Bv-Bf-Bp-Br-Br-Iu-Bn-Bn-Iv-Bv-Iv-Bv-Ia-Ba-Ia-Iu-Bn-Bn-Iw-Bp-Bn-Bv-Bv-Iu-Bn-Bn-Iw-Bp-Bn-Bn-Iv-Bv-Ia-Ba-Ia-Iu-Bvn-Bvn-Iw-B
钢化玻璃具有哪些特点及用途?	nz-Bnz-Inz-Inz-Iv-Bv-Ir-Br-In-Bn-Ic-Bn-Bn-Iw-B
...,寻医问药网,xywy.com	w-Bw-Bw-Bw-Bnz-Bnz-Inz-Inz-Inz-Iw-Bxc-Bxc-Ixc-Ixc-Iw-Bxc-Bxc-Ixc-I
人们把会使用盘算机与人生胜利等量齐观.	n-Bn-Ip-Bv-Bv-Bv-In-Bn-In-Ip-Bn-Bn-In-Bn-Iv-Bv-Iv-Iv-Iw-B
鹅肝(图),8,1/2,otto,e,mezzo,bombana,上海,大众点评网	nz-Bnz-Iw-Bn-Bw-Bw-Bm-Bw-Bm-Bw-Bq-Bw-Bxc-Bxc-Ixc-Ixc-Iw-Bxc-Bw-Bxc-Bxc-Ixc-Ixc-Ixc-Iw-Bxc-Bxc-Ixc-Ixc-Ixc-Ixc-Ixc-Iw-BLOC-BLOC-Iw-Bnz-Bnz-Inz-Inz-Inz-I
骑马与砍杀爆炸效果	nz-Bnz-Inz-Inz-Inz-Ivn-Bvn-In-Bn-I
24小时左右,会觉得饥饿	m-Bm-In-Bn-If-Bf-Iw-Bv-Bv-Bv-Ian-Ban-I
正如耿靖在2016易居沃顿研修班上所讲,恒大收购的银行+保险牌照,其实属于资金端的牌照.	v-Bv-IPER-BPER-Ip-Bnt-Bnt-Int-Int-Int-Int-Int-Int-Int-Int-Is-Bs-Iu-Bv-Bw-BORG-BORG-Iv-Bv-Iu-Bn-Bn-Iw-Bn-Bn-In-Bn-Iw-Bd-Bd-Iv-Bv-In-Bn-In-Iu-Bn-Bn-Iw-B
其演绎模式多参考欧美的文化生活背景,以语言风格和华丽的描写著称.	r-Bvn-Bvn-In-Bn-Id-Bv-Bv-ILOC-BLOC-Iu-Bn-Bn-Ivn-Bvn-In-Bn-Iw-Bp-Bn-Bn-In-Bn-Ic-Ba-Ba-Iu-Bvn-Bvn-Iv-Bv-Iw-B
ipad美版和港版的区别	n-Bn-In-In-In-Bn-Ic-Bn-Bn-Iu-Bn-Bn-I
都是干货哦!	v-Bv-In-Bn-Ixc-Bw-B
sanjianhanshugongshi	xc-Bxc-Ixc-Ixc-Ixc-Ixc-Ixc-Ixc-Bxc-Ixc-Ixc-Ixc-Ixc-Ixc-Bxc-Ixc-Ixc-Ixc-Ixc-Ixc-I
在这种背景下,我们应该加强信息安全教育,帮助官兵了解基本常识,掌握防范本领	p-Br-Br-In-Bn-If-Bw-Br-Br-Iv-Bv-Iv-Bv-In-Bn-Ian-Ban-Ivn-Bvn-Iw-Bv-Bv-In-Bn-Iv-Bv-In-Bn-In-In-Iw-Bv-Bv-Ivn-Bvn-In-Bn-I
未来,无人机的广泛投入使用,有利于三一整体竞争力实力的提升.	t-Bt-Iw-Bn-Bn-In-Iu-Ba-Ba-Ivn-Bvn-Ivn-Bvn-Iw-Bv-Bv-Iv-Im-Bm-In-Bn-In-Bn-In-In-Bn-Iu-Bvn-Bvn-Iw-B
如果他看上去身体还挺好,那我就不给他让座了.	c-Bc-Ir-Bv-Bv-Iv-In-Bn-Id-Ba-Ba-Iw-Bc-Br-Bd-Bd-Bv-Br-Bv-Bv-Ixc-Bw-B
公务员备考用书,	n-Bn-In-Ivn-Bvn-In-Bn-Iw-B
jennifer,verdolin	nr-Bnr-Inr-Inr-Inr-Inr-Inr-Inr-Iw-Bv-Bv-Iv-Iv-Iv-Iv-Iv-Iv-I
2017考古进行时,信阳楚国大墓(下)	m-Bm-Im-Im-Ivn-Bvn-It-Bt-It-Iw-BLOC-BLOC-ILOC-BLOC-Ia-Bn-Bw-Bf-Bw-B
在学习中注意适当以听代读,以减轻眼睛看近负荷	p-Bvn-Bvn-If-Bv-Bv-Iad-Bad-Ip-Bvn-Bv-Bvn-Bw-Bp-Bv-Bv-In-Bn-Iv-Ba-Bn-Bn-I
,百度知道	w-Bnz-Bnz-Inz-Inz-I
光谷凯悦	ns-Bns-Inz-Bnz-I
目前,西长安街街道已完成了包括未英社区,和平门社区在内的15000多平方米地下空间的腾退工作,彻底解决了地区重点消防隐患.	t-Bt-Iw-BLOC-BLOC-ILOC-ILOC-ILOC-ILOC-Id-Bv-Bv-Iu-Bv-Bv-ILOC-BLOC-ILOC-ILOC-Iw-BLOC-BLOC-ILOC-ILOC-ILOC-Iv-Bv-Iu-Bm-Bm-Im-Im-Im-Im-Im-Im-Im-Is-Bs-In-Bn-Iu-Bvn-Bvn-In-Bn-Iw-Bad-Bad-Iv-Bv-Iu-Bn-Bn-In-Bn-Ivn-Bvn-In-Bn-Iw-B
视频dsp插件下载	n-Bn-In-Bn-In-In-Bn-Ivn-Bvn-I
乐从三乐路路口到佛山新城	LOC-BLOC-ILOC-ILOC-ILOC-Is-Bs-Iv-BLOC-BLOC-ILOC-ILOC-I
hansen溶度参数,,,道客巴巴	nz-Bnz-Inz-Inz-Inz-Inz-Inz-Bnz-Inz-Inz-Iw-Bw-Bw-Bnz-Bnz-Inz-Inz-I
维吾尔,老人,写信	nz-Bnz-Inz-Iw-Bn-Bn-Iw-Bv-Bv-I
忆江南香辣草鱼电话,地址,价格,营业时间(图),潍坊,百度糯米	v-Bv-Iv-Ia-Ba-Bn-Bn-In-Bn-Iw-Bn-Bn-Iw-Bn-Bn-Iw-Bn-Bn-In-In-Iw-Bn-Bw-Bw-BLOC-BLOC-Iw-Bnz-Bnz-Inz-Inz-I
在我们日常的生活环境下,若烧开质量为2.5kg,初温为20℃的一壶水,吸收了1.05×106焦的热量后,它的,百度知道	p-Br-Br-Ia-Ba-Iu-Bn-Bn-In-Bn-If-Bw-Bc-Bv-Bv-Bn-Bn-Iv-Bm-Bm-Im-Im-Im-Iw-Bnr-Bnr-Iv-Bm-Bm-Iw-Bu-Bm-Bm-In-Bw-Bv-Bv-Iu-Bm-Bm-Im-Im-Iw-Bm-Bm-Im-Im-Iu-Bn-Bn-If-Bw-Br-Bu-Bw-Bnz-Bnz-Inz-Inz-I
chrome,flash,player,因过期	nz-Bnz-Inz-Inz-Inz-Inz-Iw-Bnz-Bnz-Inz-Inz-Inz-Inz-Inz-Inz-Inz-Inz-Inz-Inz-Iw-Bp-Ba-Ba-I
你的家乡组织了哪些环保活动?你为家乡的环境保护做了哪些力所能及的事情	r-Bu-Bn-Bn-Iv-Bv-Iu-Br-Br-In-Bn-In-Bn-Iw-Br-Bp-Bn-Bn-Iu-Bvn-Bvn-Ivn-Ivn-Iv-Bu-Br-Br-Iv-Bv-Iv-Iv-Iu-Bn-Bn-I
21世界xxxx研究中心,	nt-Bnt-Int-Int-Int-Int-Int-Int-Int-Int-Int-Int-Iw-B
隐藏开始菜单,有时候还是出现	v-Bv-Inz-Bnz-Inz-Inz-Iw-Bd-Bd-Id-Id-Bd-Iv-Bv-I
苹果香港礼物卡	ORG-BORG-ILOC-BLOC-In-Bn-In-B
bratz娃娃多少钱	nz-Bnz-Inz-Inz-Inz-In-Bn-Ir-Br-In-B
现在大学的朋友在别的去玩,叫我过去	TIME-BTIME-In-Bn-Iu-Bn-Bn-Ip-Bv-Bu-Bv-Bv-Bw-Bv-Br-BTIME-BTIME-I
苏童笑称,他从小在城市长大,并不是一个在农村长大,以农村为题材为主修的作家,但乡土是滋养一个作家最大的粮仓,作家在哪里出生,会用文字反哺哪里.	PER-BPER-Iv-Bv-Iw-Br-Bd-Bd-Ip-Bn-Bn-Iv-Bv-Iw-Bd-Bv-Bv-Im-Bm-Ip-Bn-Bn-Iv-Bv-Iw-Bp-Bn-Bn-Iv-Bn-Bn-Iv-Bv-Iv-Bu-Bn-Bn-Iw-Bc-Bn-Bn-Iv-Bv-Bv-Im-Bm-In-Bn-Ia-Ba-Iu-Bn-Bn-Iw-Bn-Bn-Ip-Br-Br-Iv-Bv-Iw-Bv-Bp-Bn-Bn-Iv-Bv-Ir-Br-Iw-B
坎巴拉太空计划environment,visual,enhancement,scatters,texture,replacer,commu	nz-Bnz-Inz-Inz-Inz-Inz-Inz-Ixc-Bxc-Ixc-Ixc-Ixc-Ixc-Ixc-Ixc-Ixc-Ixc-Ixc-Iw-Bxc-Bxc-Ixc-Ixc-Ixc-Ixc-Iw-Bxc-Bxc-Ixc-Ixc-Ixc-Ixc-Ixc-Ixc-Ixc-Ixc-Ixc-Iw-Bxc-Bxc-Ixc-Ixc-Ixc-Ixc-Ixc-Ixc-Iw-Bxc-Bxc-Ixc-Ixc-Ixc-Ixc-Ixc-Iw-Bxc-Bxc-Ixc-Ixc-Ixc-Ixc-Ixc-Ixc-Iw-Bxc-Bxc-Ixc-Ixc-Ixc-I
这一点在攻占南亚,东南亚一带的战役中就已显露无疑了.	r-Br-Ir-Ip-Bv-Bv-ILOC-BLOC-Iw-BLOC-BLOC-ILOC-In-Bn-Iu-Bn-Bn-If-Bd-Bd-Bv-Bv-Iv-Bv-Ixc-Bw-B
尤其是家长要告诉小孩子在平时不要贪吃去吃苦杏仁,如果想吃的情况下,尽量要把苦杏仁的表皮去掉,并且食用量也不要太多,几颗即可.	d-Bd-Iv-Bn-Bn-Iv-Bv-Bv-In-Bn-In-Ip-Bt-Bt-Iv-Bv-Iv-Bv-Iv-Bv-Bv-Inz-Bnz-Iw-Bc-Bc-Iv-Bv-Iu-Bn-Bn-If-Bw-Bd-Bd-Iv-Bp-Bnz-Bnz-Inz-Iu-Bn-Bn-Iv-Bv-Iw-Bc-Bc-Ivn-Bvn-In-Bd-Bv-Bv-Ia-Ba-Iw-Bm-Bm-Iv-Bv-Iw-B
"	w-B
李叔同,爱国情怀(2)	PER-BPER-IPER-Iw-Bvn-Bvn-In-Bn-Iw-Bm-Bw-B
艾瑞泽5是奇瑞汽车新推出的紧凑型车,从车型关注度来看,6,8万之间的车型最受欢迎,奇瑞的车型在外观方面原创度较高,近年推出的艾瑞泽系列车型在外观方面都有着不错的评.	nz-Bnz-Inz-Inz-Iv-BORG-BORG-IORG-IORG-Id-Bv-Bv-Iu-Bn-Bn-In-In-Iw-Bp-Bn-Bn-Ivn-Bvn-In-Bv-Bv-Iw-Bm-Bw-Bm-Bm-If-Bf-Iu-Bn-Bn-Id-Bv-Bv-Iv-Iw-BORG-BORG-Iu-Bn-Bn-Ip-Bn-Bn-In-Bn-Ivn-Bvn-In-Ba-Ba-Iw-BTIME-BTIME-Iv-Bv-Iu-BPER-BPER-IPER-In-Bn-In-Bn-Ip-Bn-Bn-In-Bn-Id-Bv-Bv-Ia-Ba-Iu-Bvn-Bw-B
家长在选择时一定要看清说明书上的文字.	n-Bn-Ip-Bv-Bv-In-Bv-Bv-Iv-Iv-Bv-In-Bn-In-If-Bu-Bn-Bn-Iw-B
我买了之后发现有一只鞋的鞋舌做工很差	r-Bv-Bu-Bf-Bf-Iv-Bv-Iv-Bn-Bn-In-Iu-Bn-Bn-In-Bn-Id-Ba-B
漫形近字组词	nr-Bnr-Ia-Bn-Bn-Bn-I
那么是什么支撑脑白金存活这么长时间呢?	c-Bc-Iv-Br-Br-Iv-Bv-Inz-Bnz-Inz-Iv-Bv-Ir-Br-In-Bn-In-Ixc-Bw-B
不过这也并不影响adc,pray的精彩发挥.	c-Bc-Ir-Bd-Bd-Bd-Iv-Bv-In-Bn-In-Iw-Bn-Bn-In-In-Iu-Ba-Ba-Ivn-Bvn-Iw-B
部分瘤细胞胞浆嗜酸性改变	n-Bn-In-Bn-Bn-Inz-Bnz-In-Bn-In-Ivn-Bvn-I
希尔巴贡,哥尔赞geerdelasi	PER-BPER-IPER-IPER-Iw-BPER-BPER-IPER-In-Bn-In-In-Inr-Bnr-Inr-Inr-Inr-Inr-I
看望小学教师,聊什么	v-Bv-In-Bn-In-Bn-Iw-Bv-Br-Br-I
辽宁锦州治疗甲状腺结节最好的推荐,2家医院,锦州看甲状腺结节哪家医院最好,,好大夫在线,智慧互联网医院	ns-Bns-ILOC-BLOC-Iv-Bv-Inz-Bnz-Inz-Inz-Inz-Ia-Ba-Iu-Bvn-Bvn-Iw-Bm-Bm-In-Bn-Iw-BLOC-BLOC-Iv-Bnz-Bnz-Inz-Inz-Inz-Ir-Br-In-Bn-Ia-Ba-Iw-Bw-Bnz-Bnz-Inz-Inz-Inz-Iw-Bn-Bn-In-Bn-In-In-Bn-I
一个面试官打电话来,我正在面试,怎么解释	m-Bm-In-Bn-In-Iv-Bv-Iv-Iv-Bw-Br-Bd-Bd-Iv-Bv-Iw-Br-Br-Iv-Bv-I
纯黑的噩梦女性代号	a-Ba-Bu-Bn-Bn-In-Bn-In-Bn-I
326法律硕士(法学)能调剂青岛大学吗,青岛大学,考研论坛(kaoyan.com)	m-Bm-Im-In-Bn-In-Bn-Iw-Bn-Bn-Iw-Bv-Bv-Bv-IORG-BORG-IORG-IORG-Ixc-Bw-BORG-BORG-IORG-IORG-Iw-Bvn-Bvn-In-Bn-Iw-Bnz-Bnz-Inz-Inz-Inz-Inz-Inz-Bnz-Inz-Inz-Iw-B
《杨帆连云港》	w-Bnw-Bnw-Inw-Inw-Inw-Iw-B
凤凰网地方频道授权公告及声明,商业频道,凤凰网	nz-Bnz-Inz-In-Bn-In-Bn-Ivn-Bvn-In-Bn-Ic-Bn-Bn-Iw-Bn-Bn-In-Bn-Iw-Bnz-Bnz-Inz-I
霍春阳画兰花	PER-BPER-IPER-Iv-Bn-Bn-I
北京哪有出售喷雾迷魂药,,,album,on,imgur	LOC-BLOC-Iv-Bv-Ivn-Bvn-Ivn-Bvn-In-Bn-In-Bw-Bw-Bw-Bxc-Bxc-Ixc-Ixc-Ixc-Iw-Bxc-Bxc-Iw-Bxc-Bxc-Ixc-Ixc-Ixc-I
重庆助听器,重庆儿童助听器,重庆老人助听器,重庆爱心听力助听器	LOC-BLOC-In-Bn-In-Iw-BLOC-BLOC-In-Bn-In-Bn-In-Iw-BLOC-BLOC-In-Bn-In-Bn-In-Iw-BLOC-BLOC-In-Bn-In-Bn-In-Bn-In-I
tensorflow,tf.types	xc-Bxc-Ixc-Ixc-Ixc-Ixc-Ixc-Bxc-Ixc-Ixc-Iw-Bxc-Bxc-Iw-Bxc-Bxc-Ixc-Ixc-Ixc-I
东南亚热门游记,东南亚自助游游记,东南亚旅游热门游记,,,蚂蜂窝	LOC-BLOC-ILOC-Ia-Ba-In-Bn-Iw-BLOC-BLOC-ILOC-In-Bn-In-In-Bn-Iw-BLOC-BLOC-ILOC-Iv-Bv-Ia-Ba-In-Bn-Iw-Bw-Bw-Bnz-Bnz-Inz-I
外壳材质复合材质	n-Bn-In-Bn-Ivn-Bvn-In-Bn-I
cpu卡忘记密钥	nz-Bnz-Inz-Inz-Iv-Bv-In-Bn-I
正太浴室照明	n-Bn-In-Bn-In-Bn-I